date	close
2002-08-19	95.400002
2002-08-20	94.389999
2002-08-21	95.75
2002-08-22	96.68
2002-08-23	94.599998
2002-08-26	95.260002
2002-08-27	94.160004
2002-08-28	92.099998
2002-08-29	92.139999
2002-08-30	91.779999
2002-09-03	88.279999
2002-09-04	89.540001
2002-09-05	88.779999
2002-09-06	90
2002-09-09	90.660004
2002-09-10	91.699997
2002-09-11	91.129997
2002-09-12	89.449997
2002-09-13	89.669998
2002-09-16	89.889999
2002-09-17	87.830002
2002-09-18	86.949997
2002-09-19	84.699997
2002-09-20	84.349998
2002-09-23	83.660004
2002-09-24	82.309998
2002-09-25	84.349998
2002-09-26	85.730003
2002-09-27	82.75
2002-09-30	81.790001
2002-10-01	85.720001
2002-10-02	83.150002
2002-10-03	82.309998
2002-10-04	80.800003
2002-10-07	79.129997
2002-10-08	80.370003
2002-10-09	78.099998
2002-10-10	80.629997
2002-10-11	84.160004
2002-10-14	84.629997
2002-10-15	88.699997
2002-10-16	86.550003
2002-10-17	88.269997
2002-10-18	88.639999
2002-10-21	90.169998
2002-10-22	89.519997
2002-10-23	90.199997
2002-10-24	88.360001
2002-10-25	90.199997
2002-10-28	89.610001
2002-10-29	88.57
2002-10-30	89.43
2002-10-31	88.519997
2002-11-01	90.269997
2002-11-04	91.129997
2002-11-05	91.849998
2002-11-06	93.040001
2002-11-07	90.760002
2002-11-08	89.650002
2002-11-11	88.260002
2002-11-12	88.959999
2002-11-13	89.050003
2002-11-14	90.730003
2002-11-15	91.400002
2002-11-18	90.480003
2002-11-19	90.360001
2002-11-20	92.370003
2002-11-21	94.089996
2002-11-22	93.419998
2002-11-25	93.480003
2002-11-26	91.699997
2002-11-27	94.279999
2002-11-29	93.980003
2002-12-02	94.129997
2002-12-03	92.870003
2002-12-04	92.449997
2002-12-05	91.43
2002-12-06	92.029999
2002-12-09	89.5
2002-12-10	90.699997
2002-12-11	90.779999
2002-12-12	90.769997
2002-12-13	89.339996
2002-12-16	91.650002
2002-12-17	90.849998
2002-12-18	89.800003
2002-12-19	89.160004
2002-12-20	89.989998
2002-12-23	90.019997
2002-12-24	89.349998
2002-12-26	89.389999
2002-12-27	87.379997
2002-12-30	88.110001
2002-12-31	88.230003
2003-01-02	91.07
2003-01-03	91.349998
2003-01-06	92.959999
2003-01-07	92.730003
2003-01-08	91.389999
2003-01-09	92.809998
2003-01-10	93.059998
2003-01-13	93.029999
2003-01-14	93.330002
2003-01-15	92.400002
2003-01-16	92.019997
2003-01-17	90.660004
2003-01-21	89.25
2003-01-22	88.169998
2003-01-23	88.709999
2003-01-24	86.379997
2003-01-27	85.199997
2003-01-28	85.830002
2003-01-29	86.480003
2003-01-30	84.43
2003-01-31	86.059998
2003-02-03	86.230003
2003-02-04	85.379997
2003-02-05	84.849998
2003-02-06	84.449997
2003-02-07	83.419998
2003-02-10	84.010002
2003-02-11	83.43
2003-02-12	82.099998
2003-02-13	82.349998
2003-02-14	84.150002
2003-02-18	85.629997
2003-02-19	85.18
2003-02-20	84.330002
2003-02-21	85.18
2003-02-24	83.800003
2003-02-25	84.470001
2003-02-26	83.239998
2003-02-27	84.339996
2003-02-28	84.900002
2003-03-03	84.089996
2003-03-04	82.75
2003-03-05	83.449997
2003-03-06	82.75
2003-03-07	83.32
2003-03-10	81.32
2003-03-11	80.519997
2003-03-12	81.059998
2003-03-13	83.860001
2003-03-14	84.129997
2003-03-17	86.779999
2003-03-18	87.290001
2003-03-19	87.959999
2003-03-20	88.150002
2003-03-21	89.669998
2003-03-24	86.690002
2003-03-25	87.519997
2003-03-26	87.080002
2003-03-27	87.150002
2003-03-28	86.709999
2003-03-31	84.739998
2003-04-01	86.040001
2003-04-02	88.120003
2003-04-03	87.699997
2003-04-04	88.220001
2003-04-07	88.050003
2003-04-08	88.190002
2003-04-09	87.029999
2003-04-10	87.510002
2003-04-11	87.150002
2003-04-14	88.949997
2003-04-15	89.779999
2003-04-16	88.25
2003-04-17	89.559998
2003-04-21	89.650002
2003-04-22	91.339996
2003-04-23	92.18
2003-04-24	91.360001
2003-04-25	90.230003
2003-04-28	91.790001
2003-04-29	92.110001
2003-04-30	91.910004
2003-05-01	91.900002
2003-05-02	93.209999
2003-05-05	93.029999
2003-05-06	93.910004
2003-05-07	93.389999
2003-05-08	92.449997
2003-05-09	93.730003
2003-05-12	94.879997
2003-05-13	94.709999
2003-05-14	94.510002
2003-05-15	95.110001
2003-05-16	94.870003
2003-05-19	92.650002
2003-05-20	92.459999
2003-05-21	92.650002
2003-05-22	93.57
2003-05-23	93.760002
2003-05-27	95.400002
2003-05-28	95.669998
2003-05-29	95.419998
2003-05-30	96.949997
2003-06-02	97.349998
2003-06-03	97.75
2003-06-04	99.160004
2003-06-05	99.650002
2003-06-06	99.260002
2003-06-09	98.25
2003-06-10	99.25
2003-06-11	100.300003
2003-06-12	100.610001
2003-06-13	99.559998
2003-06-16	101.660004
2003-06-17	101.660004
2003-06-18	101.57
2003-06-19	100.019997
2003-06-20	99.440002
2003-06-23	98.419998
2003-06-24	98.519997
2003-06-25	97.529999
2003-06-26	98.800003
2003-06-27	97.660004
2003-06-30	97.629997
2003-07-01	98.529999
2003-07-02	99.769997
2003-07-03	98.739998
2003-07-07	100.699997
2003-07-08	101.150002
2003-07-09	100.580002
2003-07-10	99.300003
2003-07-11	100.239998
2003-07-14	100.730003
2003-07-15	100.510002
2003-07-16	99.919998
2003-07-17	98.5
2003-07-18	99.510002
2003-07-21	98.279999
2003-07-22	99.169998
2003-07-23	99.239998
2003-07-24	98.489998
2003-07-25	100.230003
2003-07-28	99.860001
2003-07-29	99.400002
2003-07-30	99.160004
2003-07-31	99.389999
2003-08-01	98.510002
2003-08-04	98.510002
2003-08-05	96.419998
2003-08-06	96.980003
2003-08-07	98
2003-08-08	98.279999
2003-08-11	98.650002
2003-08-12	99.550003
2003-08-13	99.040001
2003-08-14	99.309998
2003-08-15	99.620003
2003-08-18	100.480003
2003-08-19	100.860001
2003-08-20	100.449997
2003-08-21	100.769997
2003-08-22	99.769997
2003-08-25	99.93
2003-08-26	100.110001
2003-08-27	100.139999
2003-08-28	100.760002
2003-08-29	101.440002
2003-09-02	102.800003
2003-09-03	103.360001
2003-09-04	103.410004
2003-09-05	102.830002
2003-09-08	103.68
2003-09-09	103
2003-09-10	101.959999
2003-09-11	102.260002
2003-09-12	102.449997
2003-09-15	102.089996
2003-09-16	103.580002
2003-09-17	103.379997
2003-09-18	104.599998
2003-09-19	103.669998
2003-09-22	102.550003
2003-09-23	102.940002
2003-09-24	101.110001
2003-09-25	100.279999
2003-09-26	99.949997
2003-09-29	100.93
2003-09-30	99.949997
2003-10-01	102.080002
2003-10-02	102.449997
2003-10-03	103.389999
2003-10-06	103.860001
2003-10-07	104.260002
2003-10-08	104
2003-10-09	104.279999
2003-10-10	104.57
2003-10-13	104.900002
2003-10-14	105.269997
2003-10-15	104.989998
2003-10-16	105.410004
2003-10-17	104.260002
2003-10-20	105.040001
2003-10-21	104.860001
2003-10-22	103.540001
2003-10-23	103.349998
2003-10-24	103.580002
2003-10-27	103.629997
2003-10-28	105.040001
2003-10-29	105.18
2003-10-30	105.400002
2003-10-31	105.300003
2003-11-03	105.989998
2003-11-04	105.760002
2003-11-05	105.839996
2003-11-06	106.400002
2003-11-07	105.610001
2003-11-10	105.18
2003-11-11	105.150002
2003-11-12	106.330002
2003-11-13	106.360001
2003-11-14	105.459999
2003-11-17	104.93
2003-11-18	103.839996
2003-11-19	104.720001
2003-11-20	103.779999
2003-11-21	104.209999
2003-11-24	105.589996
2003-11-25	105.989998
2003-11-26	106.370003
2003-11-28	106.449997
2003-12-01	107.599998
2003-12-02	107.330002
2003-12-03	107.160004
2003-12-04	107.599998
2003-12-05	106.849998
2003-12-08	107.57
2003-12-09	106.739998
2003-12-10	106.730003
2003-12-11	107.93
2003-12-12	108.139999
2003-12-15	107.599998
2003-12-16	108.160004
2003-12-17	108.5
2003-12-18	109.720001
2003-12-19	108.900002
2003-12-22	109.660004
2003-12-23	109.730003
2003-12-24	109.620003
2003-12-26	109.699997
2003-12-29	111.160004
2003-12-30	111.18
2003-12-31	111.279999
2004-01-02	111.230003
2004-01-05	112.440002
2004-01-06	112.550003
2004-01-07	112.93
2004-01-08	113.379997
2004-01-09	112.389999
2004-01-12	113.220001
2004-01-13	112.559998
2004-01-14	113.5
2004-01-15	113.779999
2004-01-16	114.230003
2004-01-20	114.199997
2004-01-21	115.099998
2004-01-22	114.800003
2004-01-23	114.43
2004-01-26	115.870003
2004-01-27	114.68
2004-01-28	113.370003
2004-01-29	113.480003
2004-01-30	113.480003
2004-02-02	113.970001
2004-02-03	113.779999
2004-02-04	112.849998
2004-02-05	113.18
2004-02-06	114.449997
2004-02-09	114.480003
2004-02-10	114.849998
2004-02-11	116.07
2004-02-12	115.650002
2004-02-13	115.129997
2004-02-17	116.169998
2004-02-18	115.660004
2004-02-19	115.230003
2004-02-20	114.879997
2004-02-23	114.589996
2004-02-24	114.389999
2004-02-25	114.870003
2004-02-26	114.940002
2004-02-27	115.019997
2004-03-01	116.160004
2004-03-02	115.480003
2004-03-03	115.690002
2004-03-04	115.989998
2004-03-05	116.379997
2004-03-08	114.959999
2004-03-09	114.5
2004-03-10	112.580002
2004-03-11	111.120003
2004-03-12	112.580002
2004-03-15	111.199997
2004-03-16	111.790001
2004-03-17	113.040001
2004-03-18	113.07
2004-03-19	111.059998
2004-03-22	109.650002
2004-03-23	109.459999
2004-03-24	109.550003
2004-03-25	111
2004-03-26	111.029999
2004-03-29	112.589996
2004-03-30	112.970001
2004-03-31	113.099998
2004-04-01	113.779999
2004-04-02	114.639999
2004-04-05	115.269997
2004-04-06	114.900002
2004-04-07	114.629997
2004-04-08	114.370003
2004-04-12	114.82
2004-04-13	113.209999
2004-04-14	113.389999
2004-04-15	112.959999
2004-04-16	113.830002
2004-04-19	113.830002
2004-04-20	111.919998
2004-04-21	112.669998
2004-04-22	114.25
2004-04-23	114.360001
2004-04-26	114.199997
2004-04-27	114.300003
2004-04-28	112.82
2004-04-29	111.830002
2004-04-30	110.959999
2004-05-03	112.150002
2004-05-04	112.059998
2004-05-05	112.779999
2004-05-06	111.809998
2004-05-07	109.959999
2004-05-10	108.830002
2004-05-11	109.75
2004-05-12	110.449997
2004-05-13	109.989998
2004-05-14	110.040001
2004-05-17	109.099998
2004-05-18	109.650002
2004-05-19	109.269997
2004-05-20	109.620003
2004-05-21	109.809998
2004-05-24	110.269997
2004-05-25	111.849998
2004-05-26	112.239998
2004-05-27	112.870003
2004-05-28	112.860001
2004-06-01	112.709999
2004-06-02	113.129997
2004-06-03	112.089996
2004-06-04	112.980003
2004-06-07	114.699997
2004-06-08	114.860001
2004-06-09	113.790001
2004-06-10	114.349998
2004-06-14	113.220001
2004-06-15	114.019997
2004-06-16	114
2004-06-17	113.830002
2004-06-18	113.629997
2004-06-21	113.199997
2004-06-22	113.769997
2004-06-23	114.75
2004-06-24	114.389999
2004-06-25	113.839996
2004-06-28	113.449997
2004-06-29	113.919998
2004-06-30	114.529999
2004-07-01	112.940002
2004-07-02	112.879997
2004-07-06	111.889999
2004-07-07	112.220001
2004-07-08	111.440002
2004-07-09	111.730003
2004-07-12	111.779999
2004-07-13	111.860001
2004-07-14	111.519997
2004-07-15	110.800003
2004-07-16	110.709999
2004-07-19	110.239998
2004-07-20	111.639999
2004-07-21	109.580002
2004-07-22	109.879997
2004-07-23	108.959999
2004-07-26	108.75
2004-07-27	109.769997
2004-07-28	110.099998
2004-07-29	110.57
2004-07-30	110.839996
2004-08-02	111.07
2004-08-03	110.209999
2004-08-04	110.199997
2004-08-05	108.400002
2004-08-06	106.849998
2004-08-09	107
2004-08-10	108.379997
2004-08-11	108.160004
2004-08-12	106.980003
2004-08-13	107.190002
2004-08-16	108.300003
2004-08-17	108.910004
2004-08-18	110.029999
2004-08-19	109.709999
2004-08-20	110.480003
2004-08-23	110.199997
2004-08-24	110.349998
2004-08-25	111.099998
2004-08-26	111.099998
2004-08-27	111.449997
2004-08-30	110.529999
2004-08-31	111.110001
2004-09-01	111.32
2004-09-02	112.580002
2004-09-03	112.120003
2004-09-07	112.860001
2004-09-08	112.580002
2004-09-09	112.480003
2004-09-10	113.059998
2004-09-13	113.43
2004-09-14	113.660004
2004-09-15	112.800003
2004-09-16	113.139999
2004-09-17	113.150002
2004-09-20	112.470001
2004-09-21	112.959999
2004-09-22	111.550003
2004-09-23	110.949997
2004-09-24	111.459999
2004-09-27	110.75
2004-09-28	111.279999
2004-09-29	111.839996
2004-09-30	111.760002
2004-10-01	113.650002
2004-10-04	113.839996
2004-10-05	113.900002
2004-10-06	114.68
2004-10-07	113.449997
2004-10-08	112.510002
2004-10-11	112.970001
2004-10-12	112.529999
2004-10-13	111.540001
2004-10-14	110.639999
2004-10-15	111.260002
2004-10-18	111.68
2004-10-19	110.739998
2004-10-20	110.519997
2004-10-21	111.239998
2004-10-22	109.989998
2004-10-25	109.860001
2004-10-26	111.540001
2004-10-27	112.879997
2004-10-28	113.220001
2004-10-29	113.199997
2004-11-01	113.510002
2004-11-02	113.550003
2004-11-03	114.980003
2004-11-04	116.550003
2004-11-05	117.279999
2004-11-08	117.110001
2004-11-09	116.879997
2004-11-10	116.970001
2004-11-11	117.860001
2004-11-12	118.790001
2004-11-15	118.730003
2004-11-16	117.879997
2004-11-17	118.580002
2004-11-18	118.739998
2004-11-19	117.419998
2004-11-22	117.980003
2004-11-23	118.160004
2004-11-24	118.440002
2004-11-26	118.349998
2004-11-29	117.809998
2004-11-30	117.889999
2004-12-01	119.230003
2004-12-02	119.330002
2004-12-03	119.25
2004-12-06	119.209999
2004-12-07	118.099998
2004-12-08	118.790001
2004-12-09	119.209999
2004-12-10	119.330002
2004-12-13	120.370003
2004-12-14	120.790001
2004-12-15	120.879997
2004-12-16	120.809998
2004-12-17	119.440002
2004-12-20	119.470001
2004-12-21	120.389999
2004-12-22	120.68
2004-12-23	120.769997
2004-12-27	120.519997
2004-12-28	121.18
2004-12-29	121.360001
2004-12-30	121.129997
2004-12-31	120.870003
2005-01-03	120.300003
2005-01-04	118.830002
2005-01-05	118.010002
2005-01-06	118.610001
2005-01-07	118.440002
2005-01-10	119
2005-01-11	118.18
2005-01-12	118.57
2005-01-13	117.620003
2005-01-14	118.239998
2005-01-18	119.470001
2005-01-19	118.220001
2005-01-20	117.5
2005-01-21	116.779999
2005-01-24	116.550003
2005-01-25	116.879997
2005-01-26	117.230003
2005-01-27	117.43
2005-01-28	117.43
2005-01-31	118.160004
2005-02-01	118.910004
2005-02-02	119.269997
2005-02-03	118.959999
2005-02-04	120.230003
2005-02-07	120.07
2005-02-08	120.209999
2005-02-09	119.309998
2005-02-10	119.739998
2005-02-11	120.769997
2005-02-14	120.68
2005-02-15	121.129997
2005-02-16	121.209999
2005-02-17	120.230003
2005-02-18	120.389999
2005-02-22	118.599998
2005-02-23	119.449997
2005-02-24	120.239998
2005-02-25	121.43
2005-02-28	120.629997
2005-03-01	121.230003
2005-03-02	121.169998
2005-03-03	121.220001
2005-03-04	122.730003
2005-03-07	122.790001
2005-03-08	122.330002
2005-03-09	120.970001
2005-03-10	121.239998
2005-03-11	120.389999
2005-03-14	121.139999
2005-03-15	120.139999
2005-03-16	119.120003
2005-03-17	119.360001
2005-03-18	118.540001
2005-03-21	118.099998
2005-03-22	116.900002
2005-03-23	117
2005-03-24	117.139999
2005-03-28	117.309998
2005-03-29	116.529999
2005-03-30	118.18
2005-03-31	117.959999
2005-04-01	117.43
2005-04-04	117.629997
2005-04-05	118.190002
2005-04-06	118.599998
2005-04-07	119.239998
2005-04-08	118
2005-04-11	118.089996
2005-04-12	118.699997
2005-04-13	117.300003
2005-04-14	115.769997
2005-04-15	114.150002
2005-04-18	114.5
2005-04-19	115.410004
2005-04-20	113.800003
2005-04-21	116.010002
2005-04-22	115.57
2005-04-25	116.330002
2005-04-26	115.199997
2005-04-27	115.650002
2005-04-28	114.199997
2005-04-29	115.75
2005-05-02	116.400002
2005-05-03	116.599998
2005-05-04	117.5
2005-05-05	117.459999
2005-05-06	117.089996
2005-05-09	117.82
2005-05-10	116.599998
2005-05-11	117.239998
2005-05-12	115.949997
2005-05-13	115.720001
2005-05-16	116.800003
2005-05-17	117.580002
2005-05-18	118.790001
2005-05-19	119.290001
2005-05-20	119.120003
2005-05-23	119.779999
2005-05-24	119.5
2005-05-25	119.410004
2005-05-26	120.050003
2005-05-27	120.25
2005-05-31	119.480003
2005-06-01	120.5
2005-06-02	120.760002
2005-06-03	120.150002
2005-06-06	120.040001
2005-06-07	120.129997
2005-06-08	119.910004
2005-06-09	120.480003
2005-06-10	120.199997
2005-06-13	120.580002
2005-06-14	120.860001
2005-06-15	121.089996
2005-06-16	121.400002
2005-06-17	121.360001
2005-06-20	121.400002
2005-06-21	121.470001
2005-06-22	121.57
2005-06-23	119.860001
2005-06-24	118.980003
2005-06-27	119.150002
2005-06-28	120.150002
2005-06-29	119.830002
2005-06-30	119.18
2005-07-01	119.529999
2005-07-05	120.489998
2005-07-06	119.480003
2005-07-07	119.949997
2005-07-08	121.32
2005-07-11	121.940002
2005-07-12	122.260002
2005-07-13	122.43
2005-07-14	122.910004
2005-07-15	122.839996
2005-07-18	122.349998
2005-07-19	123.019997
2005-07-20	123.440002
2005-07-21	122.720001
2005-07-22	123.540001
2005-07-25	123.190002
2005-07-26	123.339996
2005-07-27	123.790001
2005-07-28	124.57
2005-07-29	123.739998
2005-08-01	123.650002
2005-08-02	124.389999
2005-08-03	124.720001
2005-08-04	123.720001
2005-08-05	122.879997
2005-08-08	122.650002
2005-08-09	123.389999
2005-08-10	123.330002
2005-08-11	123.82
2005-08-12	123.059998
2005-08-15	123.82
2005-08-16	122.209999
2005-08-17	122.199997
2005-08-18	122.190002
2005-08-19	122.470001
2005-08-22	122.470001
2005-08-23	122.239998
2005-08-24	121.150002
2005-08-25	121.589996
2005-08-26	120.760002
2005-08-29	121.690002
2005-08-30	121.050003
2005-08-31	122.580002
2005-09-01	122.489998
2005-09-02	122.269997
2005-09-06	123.699997
2005-09-07	123.910004
2005-09-08	123.5
2005-09-09	124.599998
2005-09-12	124.349998
2005-09-13	123.660004
2005-09-14	123.209999
2005-09-15	123.150002
2005-09-16	123.5
2005-09-19	123.089996
2005-09-20	122.050003
2005-09-21	120.910004
2005-09-22	121.339996
2005-09-23	121.440002
2005-09-26	121.580002
2005-09-27	121.550003
2005-09-28	121.669998
2005-09-29	122.660004
2005-09-30	123.040001
2005-10-03	122.599998
2005-10-04	121.220001
2005-10-05	119.629997
2005-10-06	119.199997
2005-10-07	119.610001
2005-10-10	118.599998
2005-10-11	118.43
2005-10-12	117.5
2005-10-13	117.43
2005-10-14	118.669998
2005-10-17	119.110001
2005-10-18	117.82
2005-10-19	119.779999
2005-10-20	117.669998
2005-10-21	118.129997
2005-10-24	119.959999
2005-10-25	119.720001
2005-10-26	119.370003
2005-10-27	118.099998
2005-10-28	119.800003
2005-10-31	120.129997
2005-11-01	120.489998
2005-11-02	121.75
2005-11-03	122.269997
2005-11-04	122.110001
2005-11-07	122.230003
2005-11-08	122.230003
2005-11-09	122.389999
2005-11-10	123.339996
2005-11-11	123.760002
2005-11-14	123.690002
2005-11-15	123.239998
2005-11-16	123.489998
2005-11-17	124.639999
2005-11-18	125.129997
2005-11-21	125.760002
2005-11-22	126.300003
2005-11-23	127.029999
2005-11-25	127.129997
2005-11-28	126.230003
2005-11-29	126.089996
2005-11-30	125.410004
2005-12-01	126.690002
2005-12-02	126.849998
2005-12-05	126.580002
2005-12-06	126.82
2005-12-07	126.080002
2005-12-08	126
2005-12-09	126.330002
2005-12-12	126.449997
2005-12-13	127.309998
2005-12-14	127.809998
2005-12-15	127.440002
2005-12-16	126.360001
2005-12-19	125.709999
2005-12-20	125.830002
2005-12-21	126.029999
2005-12-22	126.690002
2005-12-23	126.760002
2005-12-27	125.470001
2005-12-28	125.75
2005-12-29	125.190002
2005-12-30	124.510002
2006-01-03	126.699997
2006-01-04	127.300003
2006-01-05	127.379997
2006-01-06	128.440002
2006-01-09	128.770004
2006-01-10	128.899994
2006-01-11	129.309998
2006-01-12	128.800003
2006-01-13	128.679993
2006-01-17	128.330002
2006-01-18	127.82
2006-01-19	128.309998
2006-01-20	125.970001
2006-01-23	126.419998
2006-01-24	126.550003
2006-01-25	126.660004
2006-01-26	127.360001
2006-01-27	128.539993
2006-01-30	128.440002
2006-01-31	127.5
2006-02-01	128.389999
2006-02-02	126.900002
2006-02-03	126.269997
2006-02-06	126.599998
2006-02-07	125.480003
2006-02-08	126.620003
2006-02-09	126.410004
2006-02-10	126.639999
2006-02-13	126.410004
2006-02-14	127.75
2006-02-15	128.199997
2006-02-16	129.160004
2006-02-17	128.809998
2006-02-21	128.490005
2006-02-22	129.270004
2006-02-23	129.080002
2006-02-24	129.410004
2006-02-27	129.460007
2006-02-28	128.229996
2006-03-01	129.369995
2006-03-02	129.360001
2006-03-03	128.759995
2006-03-06	128.169998
2006-03-07	127.970001
2006-03-08	128.240005
2006-03-09	127.379997
2006-03-10	128.589996
2006-03-13	128.830002
2006-03-14	130.179993
2006-03-15	130.759995
2006-03-16	131.029999
2006-03-17	130.619995
2006-03-20	130.410004
2006-03-21	129.589996
2006-03-22	130.380005
2006-03-23	130.110001
2006-03-24	130.210007
2006-03-27	130.020004
2006-03-28	129.220001
2006-03-29	130.029999
2006-03-30	129.800003
2006-03-31	129.830002
2006-04-03	129.729996
2006-04-04	130.559998
2006-04-05	131.009995
2006-04-06	130.869995
2006-04-07	129.539993
2006-04-10	129.740005
2006-04-11	128.639999
2006-04-12	128.880005
2006-04-13	128.710007
2006-04-17	128.660004
2006-04-18	130.699997
2006-04-19	130.949997
2006-04-20	131.130005
2006-04-21	131.149994
2006-04-24	130.910004
2006-04-25	130.369995
2006-04-26	130.399994
2006-04-27	131.029999
2006-04-28	131.470001
2006-05-01	130.399994
2006-05-02	131.380005
2006-05-03	130.889999
2006-05-04	131.360001
2006-05-05	132.520004
2006-05-08	132.360001
2006-05-09	132.619995
2006-05-10	132.550003
2006-05-11	130.949997
2006-05-12	129.240005
2006-05-15	129.5
2006-05-16	129.309998
2006-05-17	126.849998
2006-05-18	126.209999
2006-05-19	127.099998
2006-05-22	126.129997
2006-05-23	125.169998
2006-05-24	126.169998
2006-05-25	127.730003
2006-05-26	128.380005
2006-05-30	126.099998
2006-05-31	127.510002
2006-06-01	128.729996
2006-06-02	129
2006-06-05	127.120003
2006-06-06	126.809998
2006-06-07	125.860001
2006-06-08	125.75
2006-06-09	125.349998
2006-06-12	123.989998
2006-06-13	122.550003
2006-06-14	123.5
2006-06-15	126.120003
2006-06-16	124.650002
2006-06-19	123.669998
2006-06-20	124.089996
2006-06-21	125.010002
2006-06-22	124.459999
2006-06-23	124.440002
2006-06-26	124.989998
2006-06-27	123.910004
2006-06-28	124.75
2006-06-29	127.269997
2006-06-30	127.279999
2006-07-03	127.800003
2006-07-05	127.07
2006-07-06	127.440002
2006-07-07	126.610001
2006-07-10	126.849998
2006-07-11	127.410004
2006-07-12	126.050003
2006-07-13	124
2006-07-14	123.519997
2006-07-17	123.339996
2006-07-18	123.970001
2006-07-19	125.690002
2006-07-20	124.830002
2006-07-21	123.949997
2006-07-24	126.209999
2006-07-25	126.660004
2006-07-26	126.830002
2006-07-27	126.709999
2006-07-28	127.980003
2006-07-31	127.849998
2006-08-01	127.220001
2006-08-02	128.080002
2006-08-03	128.419998
2006-08-04	128.199997
2006-08-07	127.900002
2006-08-08	127.410004
2006-08-09	126.980003
2006-08-10	127.370003
2006-08-11	127.010002
2006-08-14	127.110001
2006-08-15	128.630005
2006-08-16	129.699997
2006-08-17	130.029999
2006-08-18	130.690002
2006-08-21	130.130005
2006-08-22	130.119995
2006-08-23	129.759995
2006-08-24	129.649994
2006-08-25	129.809998
2006-08-28	130.429993
2006-08-29	130.580002
2006-08-30	130.660004
2006-08-31	130.639999
2006-09-01	131.419998
2006-09-05	131.669998
2006-09-06	130.509995
2006-09-07	129.910004
2006-09-08	130.279999
2006-09-11	130.410004
2006-09-12	131.690002
2006-09-13	132.220001
2006-09-14	132.229996
2006-09-15	131.960007
2006-09-18	132.139999
2006-09-19	131.809998
2006-09-20	132.509995
2006-09-21	131.869995
2006-09-22	131.470001
2006-09-25	132.479996
2006-09-26	133.580002
2006-09-27	133.740005
2006-09-28	133.690002
2006-09-29	133.580002
2006-10-02	133.080002
2006-10-03	133.360001
2006-10-04	134.919998
2006-10-05	135.179993
2006-10-06	135.009995
2006-10-09	135.089996
2006-10-10	135.270004
2006-10-11	135.110001
2006-10-12	136.279999
2006-10-13	136.630005
2006-10-16	136.839996
2006-10-17	136.410004
2006-10-18	136.589996
2006-10-19	136.809998
2006-10-20	136.839996
2006-10-23	137.470001
2006-10-24	137.880005
2006-10-25	138.350006
2006-10-26	138.779999
2006-10-27	137.910004
2006-10-30	137.809998
2006-10-31	137.789993
2006-11-01	136.860001
2006-11-02	136.779999
2006-11-03	136.539993
2006-11-06	138.080002
2006-11-07	138.610001
2006-11-08	138.910004
2006-11-09	138.179993
2006-11-10	138.240005
2006-11-13	138.580002
2006-11-14	139.619995
2006-11-15	140.020004
2006-11-16	140.380005
2006-11-17	140.419998
2006-11-20	140.5
2006-11-21	140.639999
2006-11-22	140.919998
2006-11-24	140.350006
2006-11-27	138.419998
2006-11-28	139.020004
2006-11-29	140.470001
2006-11-30	140.529999
2006-12-01	140.220001
2006-12-04	141.289993
2006-12-05	141.899994
2006-12-06	141.779999
2006-12-07	141.160004
2006-12-08	141.419998
2006-12-11	141.830002
2006-12-12	141.720001
2006-12-13	141.869995
2006-12-14	143.119995
2006-12-15	142.339996
2006-12-18	141.949997
2006-12-19	142.220001
2006-12-20	142.139999
2006-12-21	141.619995
2006-12-22	140.75
2006-12-26	141.580002
2006-12-27	142.509995
2006-12-28	142.210007
2006-12-29	141.619995
2007-01-03	141.369995
2007-01-04	141.669998
2007-01-05	140.539993
2007-01-08	141.190002
2007-01-09	141.070007
2007-01-10	141.539993
2007-01-11	142.160004
2007-01-12	143.240005
2007-01-16	142.960007
2007-01-17	143.020004
2007-01-18	142.539993
2007-01-19	142.820007
2007-01-22	142.380005
2007-01-23	142.800003
2007-01-24	143.949997
2007-01-25	142.259995
2007-01-26	142.130005
2007-01-29	142.050003
2007-01-30	142.789993
2007-01-31	143.75
2007-02-01	144.610001
2007-02-02	144.809998
2007-02-05	144.850006
2007-02-06	144.889999
2007-02-07	145.210007
2007-02-08	145.020004
2007-02-09	143.940002
2007-02-12	143.449997
2007-02-13	144.660004
2007-02-14	145.610001
2007-02-15	145.800003
2007-02-16	145.729996
2007-02-20	146.039993
2007-02-21	145.979996
2007-02-22	145.869995
2007-02-23	145.300003
2007-02-26	145.169998
2007-02-27	139.5
2007-02-28	140.929993
2007-03-01	140.509995
2007-03-02	138.669998
2007-03-05	137.350006
2007-03-06	139.699997
2007-03-07	139.559998
2007-03-08	140.740005
2007-03-09	140.779999
2007-03-12	140.990005
2007-03-13	138.25
2007-03-14	139.279999
2007-03-15	139.470001
2007-03-16	138.529999
2007-03-19	140.199997
2007-03-20	140.970001
2007-03-21	143.289993
2007-03-22	143.179993
2007-03-23	143.389999
2007-03-26	143.199997
2007-03-27	142.860001
2007-03-28	141.820007
2007-03-29	141.970001
2007-03-30	142
2007-04-02	142.160004
2007-04-03	143.690002
2007-04-04	143.850006
2007-04-05	144.240005
2007-04-09	144.440002
2007-04-10	144.610001
2007-04-11	144.020004
2007-04-12	144.660004
2007-04-13	145.320007
2007-04-16	146.699997
2007-04-17	147.089996
2007-04-18	147.270004
2007-04-19	147.229996
2007-04-20	148.619995
2007-04-23	148.059998
2007-04-24	148.119995
2007-04-25	149.479996
2007-04-26	149.649994
2007-04-27	149.529999
2007-04-30	148.289993
2007-05-01	148.669998
2007-05-02	149.539993
2007-05-03	150.350006
2007-05-04	150.919998
2007-05-07	150.949997
2007-05-08	150.75
2007-05-09	151.160004
2007-05-10	149.580002
2007-05-11	150.860001
2007-05-14	150.529999
2007-05-15	150.570007
2007-05-16	151.600006
2007-05-17	151.300003
2007-05-18	152.619995
2007-05-21	152.539993
2007-05-22	152.419998
2007-05-23	152.440002
2007-05-24	151.059998
2007-05-25	151.690002
2007-05-29	152.240005
2007-05-30	153.479996
2007-05-31	153.320007
2007-06-01	154.080002
2007-06-04	154.100006
2007-06-05	153.490005
2007-06-06	151.839996
2007-06-07	149.100006
2007-06-08	151.039993
2007-06-11	151.300003
2007-06-12	149.649994
2007-06-13	151.889999
2007-06-14	152.860001
2007-06-15	153.070007
2007-06-18	152.889999
2007-06-19	153.270004
2007-06-20	151.139999
2007-06-21	151.979996
2007-06-22	150.550003
2007-06-25	149.830002
2007-06-26	148.289993
2007-06-27	150.399994
2007-06-28	150.380005
2007-06-29	150.429993
2007-07-02	151.789993
2007-07-03	152.339996
2007-07-05	152.179993
2007-07-06	152.979996
2007-07-09	153.100006
2007-07-10	150.919998
2007-07-11	151.990005
2007-07-12	154.389999
2007-07-13	154.850006
2007-07-16	154.830002
2007-07-17	154.75
2007-07-18	154.470001
2007-07-19	155.070007
2007-07-20	153.5
2007-07-23	153.970001
2007-07-24	151.300003
2007-07-25	151.610001
2007-07-26	148.020004
2007-07-27	145.110001
2007-07-30	147.380005
2007-07-31	145.720001
2007-08-01	146.429993
2007-08-02	147.600006
2007-08-03	143.800003
2007-08-06	146.210007
2007-08-07	147.770004
2007-08-08	149.830002
2007-08-09	145.389999
2007-08-10	144.710007
2007-08-13	145.229996
2007-08-14	143.009995
2007-08-15	141.039993
2007-08-16	142.100006
2007-08-17	144.710007
2007-08-20	144.639999
2007-08-21	144.929993
2007-08-22	146.649994
2007-08-23	146.520004
2007-08-24	148.330002
2007-08-27	146.949997
2007-08-28	143.720001
2007-08-29	146.539993
2007-08-30	146.149994
2007-08-31	147.589996
2007-09-04	149.080002
2007-09-05	147.789993
2007-09-06	148.130005
2007-09-07	146.070007
2007-09-10	145.789993
2007-09-11	147.490005
2007-09-12	147.869995
2007-09-13	148.910004
2007-09-14	148.899994
2007-09-17	148.100006
2007-09-18	152.460007
2007-09-19	153.360001
2007-09-20	152.279999
2007-09-21	151.970001
2007-09-24	151.690002
2007-09-25	151.389999
2007-09-26	152.190002
2007-09-27	153.089996
2007-09-28	152.580002
2007-10-01	154.300003
2007-10-02	154.089996
2007-10-03	153.779999
2007-10-04	154.020004
2007-10-05	155.850006
2007-10-08	155.020004
2007-10-09	156.479996
2007-10-10	156.220001
2007-10-11	155.470001
2007-10-12	156.330002
2007-10-15	155.009995
2007-10-16	153.779999
2007-10-17	154.25
2007-10-18	153.690002
2007-10-19	149.669998
2007-10-22	150.539993
2007-10-23	151.759995
2007-10-24	151.479996
2007-10-25	151.839996
2007-10-26	153.619995
2007-10-29	154.130005
2007-10-30	153.059998
2007-10-31	154.649994
2007-11-01	151.029999
2007-11-02	151.199997
2007-11-05	150.050003
2007-11-06	152.070007
2007-11-07	147.910004
2007-11-08	147.160004
2007-11-09	145.139999
2007-11-12	143.699997
2007-11-13	148.080002
2007-11-14	147.669998
2007-11-15	145.539993
2007-11-16	145.789993
2007-11-19	143.759995
2007-11-20	144.639999
2007-11-21	141.679993
2007-11-23	144.130005
2007-11-26	140.949997
2007-11-27	142.570007
2007-11-28	147.130005
2007-11-29	147.179993
2007-11-30	148.660004
2007-12-03	147.679993
2007-12-04	146.360001
2007-12-05	148.809998
2007-12-06	150.940002
2007-12-07	150.910004
2007-12-10	152.080002
2007-12-11	147.910004
2007-12-12	149.369995
2007-12-13	149.059998
2007-12-14	147.169998
2007-12-17	145.070007
2007-12-18	145.880005
2007-12-19	145.880005
2007-12-20	146.800003
2007-12-21	148.130005
2007-12-24	149.229996
2007-12-26	149.550003
2007-12-27	147.669998
2007-12-28	147.300003
2007-12-31	146.210007
2008-01-02	144.929993
2008-01-03	144.860001
2008-01-04	141.309998
2008-01-07	141.190002
2008-01-08	138.910004
2008-01-09	140.369995
2008-01-10	141.289993
2008-01-11	140.149994
2008-01-14	141.279999
2008-01-15	138.169998
2008-01-16	136.979996
2008-01-17	133.429993
2008-01-18	132.059998
2008-01-22	130.720001
2008-01-23	133.860001
2008-01-24	134.990005
2008-01-25	133.039993
2008-01-28	135.240005
2008-01-29	135.910004
2008-01-30	134.910004
2008-01-31	137.369995
2008-02-01	139.580002
2008-02-04	137.820007
2008-02-05	134.130005
2008-02-06	133.050003
2008-02-07	133.929993
2008-02-08	133.070007
2008-02-11	133.75
2008-02-12	134.990005
2008-02-13	136.369995
2008-02-14	135.169998
2008-02-15	135.139999
2008-02-19	135.520004
2008-02-20	135.919998
2008-02-21	134.789993
2008-02-22	135.619995
2008-02-25	137.330002
2008-02-26	138.360001
2008-02-27	138.220001
2008-02-28	136.869995
2008-02-29	133.820007
2008-03-03	133.5
2008-03-04	132.990005
2008-03-05	133.830002
2008-03-06	131.059998
2008-03-07	129.710007
2008-03-10	128
2008-03-11	132.600006
2008-03-12	131.360001
2008-03-13	131.649994
2008-03-14	129.610001
2008-03-17	128.300003
2008-03-18	133.630005
2008-03-19	130.320007
2008-03-20	132.080002
2008-03-24	134.720001
2008-03-25	134.850006
2008-03-26	133.199997
2008-03-27	132.779999
2008-03-28	131.509995
2008-03-31	131.970001
2008-04-01	136.610001
2008-04-02	136.699997
2008-04-03	137.039993
2008-04-04	136.889999
2008-04-07	136.960007
2008-04-08	136.820007
2008-04-09	135.830002
2008-04-10	136.020004
2008-04-11	133.380005
2008-04-14	132.929993
2008-04-15	133.240005
2008-04-16	136.850006
2008-04-17	137.050003
2008-04-18	138.479996
2008-04-21	138.550003
2008-04-22	137.940002
2008-04-23	137.720001
2008-04-24	138.320007
2008-04-25	139.600006
2008-04-28	139.630005
2008-04-29	139.080002
2008-04-30	138.259995
2008-05-01	141.119995
2008-05-02	141.509995
2008-05-05	140.830002
2008-05-06	142.050003
2008-05-07	139.520004
2008-05-08	139.160004
2008-05-09	138.899994
2008-05-12	140.460007
2008-05-13	140.479996
2008-05-14	140.770004
2008-05-15	142.529999
2008-05-16	142.660004
2008-05-19	143.050003
2008-05-20	141.889999
2008-05-21	139.490005
2008-05-22	139.509995
2008-05-23	137.639999
2008-05-27	138.660004
2008-05-28	139.300003
2008-05-29	140
2008-05-30	140.350006
2008-06-02	138.899994
2008-06-03	138.089996
2008-06-04	138.020004
2008-06-05	140.779999
2008-06-06	136.289993
2008-06-09	136.619995
2008-06-10	135.940002
2008-06-11	133.940002
2008-06-12	134.449997
2008-06-13	136.149994
2008-06-16	136.229996
2008-06-17	135.570007
2008-06-18	134.25
2008-06-19	134.419998
2008-06-20	131.580002
2008-06-23	131.449997
2008-06-24	131.190002
2008-06-25	131.809998
2008-06-26	128.229996
2008-06-27	127.529999
2008-06-30	127.980003
2008-07-01	128.380005
2008-07-02	126.18
2008-07-03	126.309998
2008-07-07	125.019997
2008-07-08	127.239998
2008-07-09	124.790001
2008-07-10	125.300003
2008-07-11	123.839996
2008-07-14	122.720001
2008-07-15	120.989998
2008-07-16	123.959999
2008-07-17	125.199997
2008-07-18	125.980003
2008-07-21	126.050003
2008-07-22	127.480003
2008-07-23	128.169998
2008-07-24	125.510002
2008-07-25	125.480003
2008-07-28	123.639999
2008-07-29	126.279999
2008-07-30	128.529999
2008-07-31	126.830002
2008-08-01	126.160004
2008-08-04	124.989998
2008-08-05	128.360001
2008-08-06	128.929993
2008-08-07	127.010002
2008-08-08	129.369995
2008-08-11	130.710007
2008-08-12	129.350006
2008-08-13	128.570007
2008-08-14	129.539993
2008-08-15	130.169998
2008-08-18	128.389999
2008-08-19	126.989998
2008-08-20	127.580002
2008-08-21	127.800003
2008-08-22	129.649994
2008-08-25	127.019997
2008-08-26	127.389999
2008-08-27	128.630005
2008-08-28	130.190002
2008-08-29	128.789993
2008-09-02	127.989998
2008-09-03	127.879997
2008-09-04	124.029999
2008-09-05	124.419998
2008-09-08	126.989998
2008-09-09	123.220001
2008-09-10	123.720001
2008-09-11	125.510002
2008-09-12	126.089996
2008-09-15	120.089996
2008-09-16	122.099998
2008-09-17	116.610001
2008-09-18	120.07
2008-09-19	124.120003
2008-09-22	121.309998
2008-09-23	118.550003
2008-09-24	118.93
2008-09-25	120.790001
2008-09-26	120.849998
2008-09-29	111.379997
2008-09-30	115.989998
2008-10-01	116.059998
2008-10-02	111.849998
2008-10-03	110.339996
2008-10-06	104.720001
2008-10-07	100.029999
2008-10-08	97.510002
2008-10-09	90.699997
2008-10-10	88.5
2008-10-13	101.349998
2008-10-14	99.849998
2008-10-15	90.019997
2008-10-16	93.769997
2008-10-17	93.209999
2008-10-20	98.809998
2008-10-21	95.860001
2008-10-22	90.639999
2008-10-23	91.690002
2008-10-24	87.040001
2008-10-27	83.949997
2008-10-28	93.760002
2008-10-29	93.080002
2008-10-30	96.300003
2008-10-31	96.830002
2008-11-03	97.110001
2008-11-04	100.410004
2008-11-05	96.190002
2008-11-06	90.860001
2008-11-07	93.860001
2008-11-10	92.629997
2008-11-11	89.769997
2008-11-12	85.82
2008-11-13	91.169998
2008-11-14	86.620003
2008-11-17	85.470001
2008-11-18	87.080002
2008-11-19	81.5
2008-11-20	75.449997
2008-11-21	79.519997
2008-11-24	85.029999
2008-11-25	85.660004
2008-11-26	88.970001
2008-11-28	90.089996
2008-12-01	82.110001
2008-12-02	85.269997
2008-12-03	87.32
2008-12-04	85.300003
2008-12-05	87.93
2008-12-08	91
2008-12-09	89.5
2008-12-10	90.110001
2008-12-11	87.940002
2008-12-12	88.989998
2008-12-15	87.75
2008-12-16	91.879997
2008-12-17	90.989998
2008-12-18	89.290001
2008-12-19	88.190002
2008-12-22	87.059998
2008-12-23	86.160004
2008-12-24	86.660004
2008-12-26	87.160004
2008-12-29	86.910004
2008-12-30	88.970001
2008-12-31	90.239998
2009-01-02	92.959999
2009-01-05	92.849998
2009-01-06	93.470001
2009-01-07	90.669998
2009-01-08	91.040001
2009-01-09	89.089996
2009-01-12	86.949997
2009-01-13	87.110001
2009-01-14	84.370003
2009-01-15	84.400002
2009-01-16	85.059998
2009-01-20	80.57
2009-01-21	84.050003
2009-01-22	82.75
2009-01-23	83.110001
2009-01-26	83.68
2009-01-27	84.529999
2009-01-28	87.389999
2009-01-29	84.550003
2009-01-30	82.830002
2009-02-02	82.580002
2009-02-03	83.739998
2009-02-04	83.330002
2009-02-05	84.57
2009-02-06	86.980003
2009-02-09	87.099998
2009-02-10	83.110001
2009-02-11	83.599998
2009-02-12	83.660004
2009-02-13	82.760002
2009-02-17	79.220001
2009-02-18	79.029999
2009-02-19	78.18
2009-02-20	77.419998
2009-02-23	74.650002
2009-02-24	77.480003
2009-02-25	76.870003
2009-02-26	75.620003
2009-02-27	73.93
2009-03-02	70.599998
2009-03-03	70.07
2009-03-04	71.730003
2009-03-05	68.800003
2009-03-06	68.919998
2009-03-09	68.110001
2009-03-10	72.169998
2009-03-11	72.639999
2009-03-12	75.5
2009-03-13	76.089996
2009-03-16	75.860001
2009-03-17	78.18
2009-03-18	79.93
2009-03-19	78.940002
2009-03-20	76.709999
2009-03-23	82.220001
2009-03-24	80.599998
2009-03-25	81.449997
2009-03-26	83.110001
2009-03-27	81.610001
2009-03-30	78.790001
2009-03-31	79.519997
2009-04-01	81.059998
2009-04-02	83.43
2009-04-03	84.260002
2009-04-06	83.599998
2009-04-07	81.650002
2009-04-08	82.529999
2009-04-09	85.809998
2009-04-13	85.830002
2009-04-14	84.349998
2009-04-15	85.25
2009-04-16	86.5
2009-04-17	87.080002
2009-04-20	83.43
2009-04-21	85.059998
2009-04-22	84.540001
2009-04-23	85.370003
2009-04-24	86.660004
2009-04-27	85.839996
2009-04-28	85.57
2009-04-29	87.389999
2009-04-30	87.419998
2009-05-01	87.889999
2009-05-04	90.879997
2009-05-05	90.57
2009-05-06	92.139999
2009-05-07	90.860001
2009-05-08	92.980003
2009-05-11	91.239998
2009-05-12	90.970001
2009-05-13	88.68
2009-05-14	89.440002
2009-05-15	88.709999
2009-05-18	91.230003
2009-05-19	91.120003
2009-05-20	90.510002
2009-05-21	89.209999
2009-05-22	89.019997
2009-05-26	91.300003
2009-05-27	89.669998
2009-05-28	90.919998
2009-05-29	92.529999
2009-06-01	94.769997
2009-06-02	94.849998
2009-06-03	93.650002
2009-06-04	94.529999
2009-06-05	94.550003
2009-06-08	94.160004
2009-06-09	94.639999
2009-06-10	94.400002
2009-06-11	94.82
2009-06-12	95.080002
2009-06-15	92.900002
2009-06-16	91.639999
2009-06-17	91.550003
2009-06-18	92.220001
2009-06-19	92.040001
2009-06-22	89.279999
2009-06-23	89.349998
2009-06-24	90.120003
2009-06-25	92.080002
2009-06-26	91.839996
2009-06-29	92.699997
2009-06-30	91.949997
2009-07-01	92.330002
2009-07-02	89.809998
2009-07-06	89.800003
2009-07-07	88.059998
2009-07-08	88
2009-07-09	88.169998
2009-07-10	87.959999
2009-07-13	90.099998
2009-07-14	90.610001
2009-07-15	93.260002
2009-07-16	93.110001
2009-07-17	94.129997
2009-07-20	95.129997
2009-07-21	95.57
2009-07-22	95.550003
2009-07-23	97.660004
2009-07-24	98.059998
2009-07-27	98.349998
2009-07-28	97.889999
2009-07-29	97.650002
2009-07-30	98.669998
2009-07-31	98.809998
2009-08-03	100.440002
2009-08-04	100.699997
2009-08-05	100.410004
2009-08-06	99.889999
2009-08-07	101.199997
2009-08-10	100.989998
2009-08-11	99.730003
2009-08-12	100.800003
2009-08-13	101.57
2009-08-14	100.790001
2009-08-17	98.309998
2009-08-18	99.089996
2009-08-19	99.959999
2009-08-20	100.989998
2009-08-21	102.970001
2009-08-24	102.959999
2009-08-25	103.160004
2009-08-26	103.169998
2009-08-27	103.400002
2009-08-28	103.379997
2009-08-31	102.459999
2009-09-01	100.199997
2009-09-02	99.82
2009-09-03	100.650002
2009-09-04	102.059998
2009-09-08	102.940002
2009-09-09	103.730003
2009-09-10	104.790001
2009-09-11	104.769997
2009-09-14	105.279999
2009-09-15	105.720001
2009-09-16	107.32
2009-09-17	107.160004
2009-09-18	106.720001
2009-09-21	106.449997
2009-09-22	107.07
2009-09-23	106.18
2009-09-24	105.010002
2009-09-25	104.449997
2009-09-28	106.32
2009-09-29	106
2009-09-30	105.589996
2009-10-01	102.970001
2009-10-02	102.489998
2009-10-05	104.019997
2009-10-06	105.510002
2009-10-07	105.800003
2009-10-08	106.610001
2009-10-09	107.260002
2009-10-12	107.68
2009-10-13	107.459999
2009-10-14	109.309998
2009-10-15	109.709999
2009-10-16	108.889999
2009-10-19	109.790001
2009-10-20	109.209999
2009-10-21	108.230003
2009-10-22	109.330002
2009-10-23	108.080002
2009-10-26	106.910004
2009-10-27	106.419998
2009-10-28	104.410004
2009-10-29	106.650002
2009-10-30	103.559998
2009-11-02	104.32
2009-11-03	104.650002
2009-11-04	104.919998
2009-11-05	106.849998
2009-11-06	107.129997
2009-11-09	109.57
2009-11-10	109.589996
2009-11-11	110.150002
2009-11-12	109.029999
2009-11-13	109.620003
2009-11-16	111.209999
2009-11-17	111.339996
2009-11-18	111.269997
2009-11-19	109.82
2009-11-20	109.43
2009-11-23	110.82
2009-11-24	110.989998
2009-11-25	111.379997
2009-11-27	109.57
2009-11-30	109.940002
2009-12-01	111.300003
2009-12-02	111.25
2009-12-03	110.379997
2009-12-04	111.010002
2009-12-07	110.839996
2009-12-08	109.610001
2009-12-09	110.019997
2009-12-10	110.639999
2009-12-11	111.110001
2009-12-14	111.870003
2009-12-15	111.349998
2009-12-16	111.519997
2009-12-17	110.18
2009-12-18	110.209999
2009-12-21	111.330002
2009-12-22	111.730003
2009-12-23	111.949997
2009-12-24	112.480003
2009-12-28	112.720001
2009-12-29	112.559998
2009-12-30	112.519997
2009-12-31	111.440002
2010-01-04	113.330002
2010-01-05	113.629997
2010-01-06	113.709999
2010-01-07	114.190002
2010-01-08	114.57
2010-01-11	114.730003
2010-01-12	113.660004
2010-01-13	114.620003
2010-01-14	114.93
2010-01-15	113.639999
2010-01-19	115.059998
2010-01-20	113.889999
2010-01-21	111.699997
2010-01-22	109.209999
2010-01-25	109.769997
2010-01-26	109.309998
2010-01-27	109.830002
2010-01-28	108.57
2010-01-29	107.389999
2010-02-01	109.059998
2010-02-02	110.379997
2010-02-03	109.830002
2010-02-04	106.440002
2010-02-05	106.660004
2010-02-08	105.889999
2010-02-09	107.220001
2010-02-10	107.010002
2010-02-11	108.129997
2010-02-12	108.040001
2010-02-16	109.739998
2010-02-17	110.260002
2010-02-18	110.910004
2010-02-19	111.139999
2010-02-22	111.160004
2010-02-23	109.809998
2010-02-24	110.82
2010-02-25	110.669998
2010-02-26	110.739998
2010-03-01	111.889999
2010-03-02	112.199997
2010-03-03	112.300003
2010-03-04	112.639999
2010-03-05	114.25
2010-03-08	114.269997
2010-03-09	114.459999
2010-03-10	114.970001
2010-03-11	115.449997
2010-03-12	115.459999
2010-03-15	115.489998
2010-03-16	116.410004
2010-03-17	117.099998
2010-03-18	117.040001
2010-03-19	115.970001
2010-03-22	116.589996
2010-03-23	117.410004
2010-03-24	116.839996
2010-03-25	116.650002
2010-03-26	116.580002
2010-03-29	117.32
2010-03-30	117.400002
2010-03-31	117
2010-04-01	117.800003
2010-04-05	118.760002
2010-04-06	119.040001
2010-04-07	118.360001
2010-04-08	118.769997
2010-04-09	119.550003
2010-04-12	119.739998
2010-04-13	119.830002
2010-04-14	121.190002
2010-04-15	121.290001
2010-04-16	119.360001
2010-04-19	119.809998
2010-04-20	120.879997
2010-04-21	120.660004
2010-04-22	121.019997
2010-04-23	121.809998
2010-04-26	121.349998
2010-04-27	118.480003
2010-04-28	119.379997
2010-04-29	120.860001
2010-04-30	118.809998
2010-05-03	120.349998
2010-05-04	117.519997
2010-05-05	116.82
2010-05-06	112.940002
2010-05-07	111.260002
2010-05-10	116.160004
2010-05-11	115.830002
2010-05-12	117.449997
2010-05-13	115.989998
2010-05-14	113.889999
2010-05-17	113.949997
2010-05-18	112.400002
2010-05-19	111.760002
2010-05-20	107.540001
2010-05-21	109.110001
2010-05-24	107.709999
2010-05-25	107.82
2010-05-26	107.169998
2010-05-27	110.760002
2010-05-28	109.370003
2010-06-01	107.529999
2010-06-02	110.330002
2010-06-03	110.709999
2010-06-04	106.82
2010-06-07	105.489998
2010-06-08	106.620003
2010-06-09	106.050003
2010-06-10	109.150002
2010-06-11	109.68
2010-06-14	109.510002
2010-06-15	112
2010-06-16	111.959999
2010-06-17	112.139999
2010-06-18	111.730003
2010-06-21	111.410004
2010-06-22	109.57
2010-06-23	109.230003
2010-06-24	107.419998
2010-06-25	107.870003
2010-06-28	107.529999
2010-06-29	104.209999
2010-06-30	103.220001
2010-07-01	102.760002
2010-07-02	102.199997
2010-07-06	102.870003
2010-07-07	106.110001
2010-07-08	107.160004
2010-07-09	107.959999
2010-07-12	108.029999
2010-07-13	109.660004
2010-07-14	109.650002
2010-07-15	109.68
2010-07-16	106.660004
2010-07-19	107.290001
2010-07-20	108.480003
2010-07-21	107.07
2010-07-22	109.459999
2010-07-23	110.410004
2010-07-26	111.559998
2010-07-27	111.550003
2010-07-28	110.830002
2010-07-29	110.290001
2010-07-30	110.269997
2010-08-02	112.760002
2010-08-03	112.220001
2010-08-04	112.970001
2010-08-05	112.849998
2010-08-06	112.389999
2010-08-09	112.989998
2010-08-10	112.379997
2010-08-11	109.300003
2010-08-12	108.629997
2010-08-13	108.309998
2010-08-16	108.260002
2010-08-17	109.589996
2010-08-18	109.790001
2010-08-19	107.879997
2010-08-20	107.529999
2010-08-23	107.120003
2010-08-24	105.529999
2010-08-25	105.940002
2010-08-26	105.230003
2010-08-27	106.860001
2010-08-30	105.309998
2010-08-31	105.309998
2010-09-01	108.459999
2010-09-02	109.470001
2010-09-03	110.889999
2010-09-07	109.639999
2010-09-08	110.410004
2010-09-09	110.919998
2010-09-10	111.480003
2010-09-13	112.720001
2010-09-14	112.650002
2010-09-15	113.080002
2010-09-16	113.050003
2010-09-17	112.489998
2010-09-20	114.209999
2010-09-21	113.980003
2010-09-22	113.419998
2010-09-23	112.5
2010-09-24	114.82
2010-09-27	114.269997
2010-09-28	114.669998
2010-09-29	114.470001
2010-09-30	114.129997
2010-10-01	114.610001
2010-10-04	113.75
2010-10-05	116.040001
2010-10-06	116.029999
2010-10-07	115.889999
2010-10-08	116.540001
2010-10-11	116.650002
2010-10-12	117.010002
2010-10-13	117.919998
2010-10-14	117.459999
2010-10-15	117.699997
2010-10-18	118.279999
2010-10-19	116.730003
2010-10-20	117.870003
2010-10-21	118.129997
2010-10-22	118.349998
2010-10-25	118.699997
2010-10-26	118.720001
2010-10-27	118.379997
2010-10-28	118.400002
2010-10-29	118.489998
2010-11-01	118.529999
2010-11-02	119.470001
2010-11-03	119.949997
2010-11-04	122.260002
2010-11-05	122.720001
2010-11-08	122.489998
2010-11-09	121.610001
2010-11-10	122.099998
2010-11-11	121.639999
2010-11-12	120.199997
2010-11-15	120.029999
2010-11-16	118.160004
2010-11-17	118.220001
2010-11-18	119.959999
2010-11-19	120.290001
2010-11-22	120.190002
2010-11-23	118.449997
2010-11-24	120.199997
2010-11-26	118.800003
2010-11-29	119.160004
2010-11-30	118.489998
2010-12-01	121.010002
2010-12-02	122.559998
2010-12-03	122.889999
2010-12-06	122.760002
2010-12-07	122.830002
2010-12-08	123.279999
2010-12-09	123.760002
2010-12-10	124.480003
2010-12-13	124.559998
2010-12-14	124.669998
2010-12-15	124.099998
2010-12-16	124.82
2010-12-17	124.300003
2010-12-20	124.599998
2010-12-21	125.389999
2010-12-22	125.779999
2010-12-23	125.599998
2010-12-27	125.650002
2010-12-28	125.830002
2010-12-29	125.919998
2010-12-30	125.720001
2010-12-31	125.75
2011-01-03	127.050003
2011-01-04	126.980003
2011-01-05	127.639999
2011-01-06	127.389999
2011-01-07	127.139999
2011-01-10	126.980003
2011-01-11	127.43
2011-01-12	128.580002
2011-01-13	128.369995
2011-01-14	129.300003
2011-01-18	129.520004
2011-01-19	128.25
2011-01-20	128.080002
2011-01-21	128.369995
2011-01-24	129.100006
2011-01-25	129.169998
2011-01-26	129.669998
2011-01-27	129.990005
2011-01-28	127.720001
2011-01-31	128.679993
2011-02-01	130.740005
2011-02-02	130.490005
2011-02-03	130.779999
2011-02-04	131.149994
2011-02-07	131.970001
2011-02-08	132.570007
2011-02-09	132.270004
2011-02-10	132.320007
2011-02-11	133.110001
2011-02-14	133.429993
2011-02-15	133.009995
2011-02-16	133.850006
2011-02-17	134.25
2011-02-18	134.529999
2011-02-22	131.830002
2011-02-23	131.020004
2011-02-24	130.929993
2011-02-25	132.330002
2011-02-28	133.149994
2011-03-01	130.929993
2011-03-02	131.210007
2011-03-03	133.470001
2011-03-04	132.470001
2011-03-07	131.429993
2011-03-08	132.580002
2011-03-09	132.389999
2011-03-10	129.940002
2011-03-11	130.839996
2011-03-14	130.050003
2011-03-15	128.559998
2011-03-16	126.18
2011-03-17	127.849998
2011-03-18	127.760002
2011-03-21	129.740005
2011-03-22	129.289993
2011-03-23	129.660004
2011-03-24	130.899994
2011-03-25	131.300003
2011-03-28	130.979996
2011-03-29	131.860001
2011-03-30	132.770004
2011-03-31	132.589996
2011-04-01	133.149994
2011-04-04	133.259995
2011-04-05	133.240005
2011-04-06	133.660004
2011-04-07	133.320007
2011-04-08	132.860001
2011-04-11	132.460007
2011-04-12	131.470001
2011-04-13	131.460007
2011-04-14	131.559998
2011-04-15	132.039993
2011-04-18	130.559998
2011-04-19	131.309998
2011-04-20	133.100006
2011-04-21	133.779999
2011-04-25	133.639999
2011-04-26	134.789993
2011-04-27	135.669998
2011-04-28	136.110001
2011-04-29	136.429993
2011-05-02	136.220001
2011-05-03	135.729996
2011-05-04	134.830002
2011-05-05	133.610001
2011-05-06	134.199997
2011-05-09	134.720001
2011-05-10	135.869995
2011-05-11	134.440002
2011-05-12	135.080002
2011-05-13	134.039993
2011-05-16	133.190002
2011-05-17	133.169998
2011-05-18	134.360001
2011-05-19	134.679993
2011-05-20	133.610001
2011-05-23	132.059998
2011-05-24	131.949997
2011-05-25	132.389999
2011-05-26	133
2011-05-27	133.509995
2011-05-31	134.899994
2011-06-01	131.869995
2011-06-02	131.729996
2011-06-03	130.419998
2011-06-06	129.039993
2011-06-07	128.960007
2011-06-08	128.419998
2011-06-09	129.399994
2011-06-10	127.599998
2011-06-13	127.699997
2011-06-14	129.320007
2011-06-15	127.019997
2011-06-16	127.300003
2011-06-17	127.050003
2011-06-20	127.699997
2011-06-21	129.449997
2011-06-22	128.669998
2011-06-23	128.300003
2011-06-24	126.809998
2011-06-27	127.940002
2011-06-28	129.610001
2011-06-29	130.720001
2011-06-30	131.970001
2011-07-01	133.919998
2011-07-05	133.809998
2011-07-06	133.970001
2011-07-07	135.360001
2011-07-08	134.399994
2011-07-11	131.970001
2011-07-12	131.399994
2011-07-13	131.839996
2011-07-14	130.929993
2011-07-15	131.690002
2011-07-18	130.610001
2011-07-19	132.729996
2011-07-20	132.649994
2011-07-21	134.490005
2011-07-22	134.580002
2011-07-25	133.830002
2011-07-26	133.330002
2011-07-27	130.600006
2011-07-28	130.220001
2011-07-29	129.330002
2011-08-01	128.779999
2011-08-02	125.489998
2011-08-03	126.169998
2011-08-04	120.260002
2011-08-05	120.080002
2011-08-08	112.260002
2011-08-09	117.480003
2011-08-10	112.290001
2011-08-11	117.330002
2011-08-12	118.120003
2011-08-15	120.620003
2011-08-16	119.589996
2011-08-17	119.669998
2011-08-18	114.510002
2011-08-19	112.639999
2011-08-22	112.730003
2011-08-23	116.440002
2011-08-24	118.080002
2011-08-25	116.279999
2011-08-26	117.970001
2011-08-29	121.360001
2011-08-30	121.68
2011-08-31	122.220001
2011-09-01	120.940002
2011-09-02	117.849998
2011-09-06	116.989998
2011-09-07	120.290001
2011-09-08	119.040001
2011-09-09	115.919998
2011-09-12	116.669998
2011-09-13	117.739998
2011-09-14	119.370003
2011-09-15	121.43
2011-09-16	121.519997
2011-09-19	120.309998
2011-09-20	120.169998
2011-09-21	116.629997
2011-09-22	112.860001
2011-09-23	113.540001
2011-09-26	116.239998
2011-09-27	117.540001
2011-09-28	115.139999
2011-09-29	116.050003
2011-09-30	113.150002
2011-10-03	109.93
2011-10-04	112.339996
2011-10-05	114.419998
2011-10-06	116.489998
2011-10-07	115.709999
2011-10-10	119.580002
2011-10-11	119.699997
2011-10-12	120.75
2011-10-13	120.510002
2011-10-14	122.57
2011-10-17	120.230003
2011-10-18	122.580002
2011-10-19	121.129997
2011-10-20	121.660004
2011-10-21	123.970001
2011-10-24	125.489998
2011-10-25	123.050003
2011-10-26	124.300003
2011-10-27	128.630005
2011-10-28	128.600006
2011-10-31	125.5
2011-11-01	122
2011-11-02	123.989998
2011-11-03	126.25
2011-11-04	125.480003
2011-11-07	126.260002
2011-11-08	127.879997
2011-11-09	123.160004
2011-11-10	124.32
2011-11-11	126.660004
2011-11-14	125.459999
2011-11-15	126.080002
2011-11-16	124.080002
2011-11-17	122.110001
2011-11-18	121.980003
2011-11-21	119.660004
2011-11-22	119.190002
2011-11-23	116.559998
2011-11-25	116.339996
2011-11-28	119.709999
2011-11-29	120.050003
2011-11-30	124.989998
2011-12-01	124.970001
2011-12-02	124.860001
2011-12-05	126.220001
2011-12-06	126.260002
2011-12-07	126.730003
2011-12-08	123.949997
2011-12-09	126.050003
2011-12-12	124.209999
2011-12-13	123.050003
2011-12-14	121.739998
2011-12-15	122.18
2011-12-16	121.589996
2011-12-19	120.290001
2011-12-20	123.93
2011-12-21	124.169998
2011-12-22	125.269997
2011-12-23	126.389999
2011-12-27	126.489998
2011-12-28	124.830002
2011-12-29	126.120003
2011-12-30	125.5
2012-01-03	127.5
2012-01-04	127.699997
2012-01-05	128.039993
2012-01-06	127.709999
2012-01-09	128.020004
2012-01-10	129.130005
2012-01-11	129.199997
2012-01-12	129.509995
2012-01-13	128.839996
2012-01-17	129.339996
2012-01-18	130.770004
2012-01-19	131.460007
2012-01-20	131.949997
2012-01-23	131.610001
2012-01-24	131.460007
2012-01-25	132.559998
2012-01-26	131.880005
2012-01-27	131.820007
2012-01-30	131.369995
2012-01-31	131.320007
2012-02-01	132.470001
2012-02-02	132.679993
2012-02-03	134.539993
2012-02-06	134.449997
2012-02-07	134.789993
2012-02-08	135.190002
2012-02-09	135.360001
2012-02-10	134.360001
2012-02-13	135.360001
2012-02-14	135.190002
2012-02-15	134.559998
2012-02-16	136.050003
2012-02-17	136.410004
2012-02-21	136.470001
2012-02-22	136.029999
2012-02-23	136.630005
2012-02-24	136.929993
2012-02-27	137.160004
2012-02-28	137.559998
2012-02-29	137.020004
2012-03-01	137.729996
2012-03-02	137.309998
2012-03-05	136.75
2012-03-06	134.75
2012-03-07	135.690002
2012-03-08	137.039993
2012-03-09	137.570007
2012-03-12	137.580002
2012-03-13	140.059998
2012-03-14	139.910004
2012-03-15	140.720001
2012-03-16	140.300003
2012-03-19	140.850006
2012-03-20	140.440002
2012-03-21	140.210007
2012-03-22	139.199997
2012-03-23	139.649994
2012-03-26	141.610001
2012-03-27	141.169998
2012-03-28	140.470001
2012-03-29	140.229996
2012-03-30	140.809998
2012-04-02	141.839996
2012-04-03	141.259995
2012-04-04	139.860001
2012-04-05	139.789993
2012-04-09	138.220001
2012-04-10	135.899994
2012-04-11	137
2012-04-12	138.789993
2012-04-13	137.139999
2012-04-16	137.050003
2012-04-17	139.080002
2012-04-18	138.610001
2012-04-19	137.720001
2012-04-20	137.949997
2012-04-23	136.789993
2012-04-24	137.309998
2012-04-25	139.190002
2012-04-26	140.160004
2012-04-27	140.389999
2012-04-30	139.869995
2012-05-01	140.740005
2012-05-02	140.320007
2012-05-03	139.25
2012-05-04	137
2012-05-07	137.100006
2012-05-08	136.550003
2012-05-09	135.740005
2012-05-10	136.020004
2012-05-11	135.610001
2012-05-14	134.110001
2012-05-15	133.339996
2012-05-16	132.830002
2012-05-17	130.860001
2012-05-18	129.740005
2012-05-21	131.970001
2012-05-22	132.199997
2012-05-23	132.270004
2012-05-24	132.529999
2012-05-25	132.100006
2012-05-29	133.699997
2012-05-30	131.759995
2012-05-31	131.470001
2012-06-01	128.160004
2012-06-04	128.100006
2012-06-05	129.070007
2012-06-06	131.970001
2012-06-07	132.050003
2012-06-08	133.100006
2012-06-11	131.410004
2012-06-12	132.919998
2012-06-13	132.070007
2012-06-14	133.470001
2012-06-15	134.139999
2012-06-18	134.399994
2012-06-19	135.699997
2012-06-20	135.479996
2012-06-21	132.440002
2012-06-22	133.460007
2012-06-25	131.320007
2012-06-26	131.979996
2012-06-27	133.169998
2012-06-28	132.789993
2012-06-29	136.100006
2012-07-02	136.509995
2012-07-03	137.410004
2012-07-05	136.789993
2012-07-06	135.490005
2012-07-09	135.320007
2012-07-10	134.139999
2012-07-11	134.160004
2012-07-12	133.509995
2012-07-13	135.75
2012-07-16	135.429993
2012-07-17	136.360001
2012-07-18	137.369995
2012-07-19	137.729996
2012-07-20	136.470001
2012-07-23	135.089996
2012-07-24	133.929993
2012-07-25	133.960007
2012-07-26	136.169998
2012-07-27	138.679993
2012-07-30	138.679993
2012-07-31	137.710007
2012-08-01	137.589996
2012-08-02	136.639999
2012-08-03	139.350006
2012-08-06	139.619995
2012-08-07	140.320007
2012-08-08	140.490005
2012-08-09	140.610001
2012-08-10	140.839996
2012-08-13	140.770004
2012-08-14	140.789993
2012-08-15	140.949997
2012-08-16	141.990005
2012-08-17	142.179993
2012-08-20	142.190002
2012-08-21	141.759995
2012-08-22	141.820007
2012-08-23	140.660004
2012-08-24	141.509995
2012-08-27	141.539993
2012-08-28	141.399994
2012-08-29	141.509995
2012-08-30	140.490005
2012-08-31	141.160004
2012-09-04	141.029999
2012-09-05	140.910004
2012-09-06	143.770004
2012-09-07	144.330002
2012-09-10	143.509995
2012-09-11	143.910004
2012-09-12	144.389999
2012-09-13	146.589996
2012-09-14	147.240005
2012-09-17	146.740005
2012-09-18	146.619995
2012-09-19	146.699997
2012-09-20	146.710007
2012-09-21	145.869995
2012-09-24	145.649994
2012-09-25	144.100006
2012-09-26	143.289993
2012-09-27	144.639999
2012-09-28	143.970001
2012-10-01	144.350006
2012-10-02	144.5
2012-10-03	145.089996
2012-10-04	146.130005
2012-10-05	146.139999
2012-10-08	145.639999
2012-10-09	144.199997
2012-10-10	143.279999
2012-10-11	143.360001
2012-10-12	142.889999
2012-10-15	144.080002
2012-10-16	145.539993
2012-10-17	146.199997
2012-10-18	145.820007
2012-10-19	143.389999
2012-10-22	143.410004
2012-10-23	141.419998
2012-10-24	141.020004
2012-10-25	141.429993
2012-10-26	141.350006
2012-10-31	141.350006
2012-11-01	142.830002
2012-11-02	141.559998
2012-11-05	141.850006
2012-11-06	142.960007
2012-11-07	139.720001
2012-11-08	138.039993
2012-11-09	138.160004
2012-11-12	138.270004
2012-11-13	137.789993
2012-11-14	135.929993
2012-11-15	135.699997
2012-11-16	136.369995
2012-11-19	139.130005
2012-11-20	139.190002
2012-11-21	139.449997
2012-11-23	141.350006
2012-11-26	141.050003
2012-11-27	140.330002
2012-11-28	141.460007
2012-11-29	142.119995
2012-11-30	142.149994
2012-12-03	141.449997
2012-12-04	141.25
2012-12-05	141.5
2012-12-06	141.979996
2012-12-07	142.410004
2012-12-10	142.470001
2012-12-11	143.440002
2012-12-12	143.509995
2012-12-13	142.630005
2012-12-14	142.100006
2012-12-17	143.770004
2012-12-18	145.369995
2012-12-19	144.289993
2012-12-20	145.119995
2012-12-21	142.789993
2012-12-24	142.350006
2012-12-26	141.75
2012-12-27	141.559998
2012-12-28	140.029999
2012-12-31	142.410004
2013-01-02	146.059998
2013-01-03	145.729996
2013-01-04	146.369995
2013-01-07	145.970001
2013-01-08	145.550003
2013-01-09	145.919998
2013-01-10	147.080002
2013-01-11	147.070007
2013-01-14	146.970001
2013-01-15	147.070007
2013-01-16	147.050003
2013-01-17	148
2013-01-18	148.330002
2013-01-22	149.130005
2013-01-23	149.369995
2013-01-24	149.410004
2013-01-25	150.25
2013-01-28	150.070007
2013-01-29	150.660004
2013-01-30	150.070007
2013-01-31	149.699997
2013-02-01	151.240005
2013-02-04	149.539993
2013-02-05	151.050003
2013-02-06	151.160004
2013-02-07	150.960007
2013-02-08	151.800003
2013-02-11	151.770004
2013-02-12	152.020004
2013-02-13	152.149994
2013-02-14	152.289993
2013-02-15	152.110001
2013-02-19	153.25
2013-02-20	151.339996
2013-02-21	150.419998
2013-02-22	151.889999
2013-02-25	149
2013-02-26	150.020004
2013-02-27	151.910004
2013-02-28	151.610001
2013-03-01	152.110001
2013-03-04	152.919998
2013-03-05	154.289993
2013-03-06	154.5
2013-03-07	154.779999
2013-03-08	155.440002
2013-03-11	156.029999
2013-03-12	155.679993
2013-03-13	155.899994
2013-03-14	156.729996
2013-03-15	155.830002
2013-03-18	154.970001
2013-03-19	154.610001
2013-03-20	155.690002
2013-03-21	154.360001
2013-03-22	155.600006
2013-03-25	154.949997
2013-03-26	156.190002
2013-03-27	156.190002
2013-03-28	156.669998
2013-04-01	156.050003
2013-04-02	156.820007
2013-04-03	155.229996
2013-04-04	155.860001
2013-04-05	155.160004
2013-04-08	156.210007
2013-04-09	156.75
2013-04-10	158.669998
2013-04-11	159.190002
2013-04-12	158.800003
2013-04-15	155.119995
2013-04-16	157.410004
2013-04-17	155.110001
2013-04-18	154.139999
2013-04-19	155.479996
2013-04-22	156.169998
2013-04-23	157.779999
2013-04-24	157.880005
2013-04-25	158.520004
2013-04-26	158.240005
2013-04-29	159.300003
2013-04-30	159.679993
2013-05-01	158.279999
2013-05-02	159.75
2013-05-03	161.369995
2013-05-06	161.779999
2013-05-07	162.600006
2013-05-08	163.339996
2013-05-09	162.880005
2013-05-10	163.410004
2013-05-13	163.539993
2013-05-14	165.229996
2013-05-15	166.119995
2013-05-16	165.339996
2013-05-17	166.940002
2013-05-20	166.929993
2013-05-21	167.169998
2013-05-22	165.929993
2013-05-23	165.449997
2013-05-24	165.309998
2013-05-28	166.300003
2013-05-29	165.220001
2013-05-30	165.830002
2013-05-31	163.449997
2013-06-03	164.350006
2013-06-04	163.559998
2013-06-05	161.270004
2013-06-06	162.729996
2013-06-07	164.800003
2013-06-10	164.800003
2013-06-11	163.100006
2013-06-12	161.75
2013-06-13	164.210007
2013-06-14	163.179993
2013-06-17	164.440002
2013-06-18	165.740005
2013-06-19	163.449997
2013-06-20	159.399994
2013-06-21	159.070007
2013-06-24	157.059998
2013-06-25	158.570007
2013-06-26	160.139999
2013-06-27	161.080002
2013-06-28	160.419998
2013-07-01	161.360001
2013-07-02	161.210007
2013-07-03	161.279999
2013-07-05	163.020004
2013-07-08	163.949997
2013-07-09	165.130005
2013-07-10	165.190002
2013-07-11	167.440002
2013-07-12	167.509995
2013-07-15	168.149994
2013-07-16	167.520004
2013-07-17	167.949997
2013-07-18	168.869995
2013-07-19	169.169998
2013-07-22	169.5
2013-07-23	169.139999
2013-07-24	168.520004
2013-07-25	168.929993
2013-07-26	169.110001
2013-07-29	168.589996
2013-07-30	168.589996
2013-07-31	168.710007
2013-08-01	170.660004
2013-08-02	170.949997
2013-08-05	170.699997
2013-08-06	169.729996
2013-08-07	169.179993
2013-08-08	169.800003
2013-08-09	169.309998
2013-08-12	169.110001
2013-08-13	169.610001
2013-08-14	168.740005
2013-08-15	166.380005
2013-08-16	165.830002
2013-08-19	164.770004
2013-08-20	165.580002
2013-08-21	164.559998
2013-08-22	166.059998
2013-08-23	166.619995
2013-08-26	166
2013-08-27	163.330002
2013-08-28	163.910004
2013-08-29	164.169998
2013-08-30	163.649994
2013-09-03	164.389999
2013-09-04	165.75
2013-09-05	165.960007
2013-09-06	166.039993
2013-09-09	167.630005
2013-09-10	168.869995
2013-09-11	169.399994
2013-09-12	168.949997
2013-09-13	169.330002
2013-09-16	170.309998
2013-09-17	171.070007
2013-09-18	173.050003
2013-09-19	172.759995
2013-09-20	170.720001
2013-09-23	169.929993
2013-09-24	169.529999
2013-09-25	169.039993
2013-09-26	169.690002
2013-09-27	168.910004
2013-09-30	168.009995
2013-10-01	169.339996
2013-10-02	169.179993
2013-10-03	167.619995
2013-10-04	168.889999
2013-10-07	167.429993
2013-10-08	165.479996
2013-10-09	165.600006
2013-10-10	169.169998
2013-10-11	170.259995
2013-10-14	170.940002
2013-10-15	169.699997
2013-10-16	172.070007
2013-10-17	173.220001
2013-10-18	174.389999
2013-10-21	174.399994
2013-10-22	175.410004
2013-10-23	174.570007
2013-10-24	175.149994
2013-10-25	175.949997
2013-10-28	176.229996
2013-10-29	177.169998
2013-10-30	176.289993
2013-10-31	175.789993
2013-11-01	176.210007
2013-11-04	176.830002
2013-11-05	176.270004
2013-11-06	177.169998
2013-11-07	174.929993
2013-11-08	177.289993
2013-11-11	177.320007
2013-11-12	176.960007
2013-11-13	178.380005
2013-11-14	179.270004
2013-11-15	180.050003
2013-11-18	179.419998
2013-11-19	179.029999
2013-11-20	178.470001
2013-11-21	179.910004
2013-11-22	180.809998
2013-11-25	180.630005
2013-11-26	180.679993
2013-11-27	181.119995
2013-11-29	181
2013-12-02	180.529999
2013-12-03	179.75
2013-12-04	179.729996
2013-12-05	178.940002
2013-12-06	180.940002
2013-12-09	181.399994
2013-12-10	180.75
2013-12-11	178.720001
2013-12-12	178.130005
2013-12-13	178.110001
2013-12-16	179.220001
2013-12-17	178.649994
2013-12-18	181.699997
2013-12-19	181.490005
2013-12-20	181.559998
2013-12-23	182.529999
2013-12-24	182.929993
2013-12-26	183.860001
2013-12-27	183.850006
2013-12-30	183.820007
2013-12-31	184.690002
2014-01-02	182.919998
2014-01-03	182.889999
2014-01-06	182.360001
2014-01-07	183.479996
2014-01-08	183.520004
2014-01-09	183.639999
2014-01-10	184.139999
2014-01-13	181.690002
2014-01-14	183.669998
2014-01-15	184.660004
2014-01-16	184.419998
2014-01-17	183.639999
2014-01-21	184.179993
2014-01-22	184.300003
2014-01-23	182.789993
2014-01-24	178.889999
2014-01-27	178.009995
2014-01-28	179.070007
2014-01-29	177.350006
2014-01-30	179.229996
2014-01-31	178.179993
2014-02-03	174.169998
2014-02-04	175.389999
2014-02-05	175.169998
2014-02-06	177.479996
2014-02-07	179.679993
2014-02-10	180.009995
2014-02-11	181.979996
2014-02-12	182.070007
2014-02-13	183.009995
2014-02-14	184.020004
2014-02-18	184.240005
2014-02-19	183.020004
2014-02-20	184.100006
2014-02-21	183.889999
2014-02-24	184.910004
2014-02-25	184.839996
2014-02-26	184.850006
2014-02-27	185.820007
2014-02-28	186.289993
2014-03-03	184.979996
2014-03-04	187.580002
2014-03-05	187.75
2014-03-06	188.179993
2014-03-07	188.259995
2014-03-10	188.160004
2014-03-11	187.229996
2014-03-12	187.279999
2014-03-13	185.179993
2014-03-14	184.660004
2014-03-17	186.330002
2014-03-18	187.660004
2014-03-19	186.660004
2014-03-20	187.75
2014-03-21	186.199997
2014-03-24	185.429993
2014-03-25	186.309998
2014-03-26	184.970001
2014-03-27	184.580002
2014-03-28	185.490005
2014-03-31	187.009995
2014-04-01	188.25
2014-04-02	188.880005
2014-04-03	188.630005
2014-04-04	186.399994
2014-04-07	184.339996
2014-04-08	185.100006
2014-04-09	187.089996
2014-04-10	183.160004
2014-04-11	181.509995
2014-04-14	182.940002
2014-04-15	184.199997
2014-04-16	186.130005
2014-04-17	186.389999
2014-04-21	187.039993
2014-04-22	187.889999
2014-04-23	187.449997
2014-04-24	187.830002
2014-04-25	186.289993
2014-04-28	186.880005
2014-04-29	187.75
2014-04-30	188.309998
2014-05-01	188.330002
2014-05-02	188.059998
2014-05-05	188.419998
2014-05-06	186.779999
2014-05-07	187.880005
2014-05-08	187.679993
2014-05-09	187.960007
2014-05-12	189.789993
2014-05-13	189.960007
2014-05-14	189.059998
2014-05-15	187.399994
2014-05-16	188.050003
2014-05-19	188.740005
2014-05-20	187.550003
2014-05-21	189.130005
2014-05-22	189.589996
2014-05-23	190.350006
2014-05-27	191.520004
2014-05-28	191.380005
2014-05-29	192.369995
2014-05-30	192.679993
2014-06-02	192.899994
2014-06-03	192.800003
2014-06-04	193.190002
2014-06-05	194.449997
2014-06-06	195.380005
2014-06-09	195.580002
2014-06-10	195.600006
2014-06-11	194.919998
2014-06-12	193.539993
2014-06-13	194.130005
2014-06-16	194.289993
2014-06-17	194.830002
2014-06-18	196.259995
2014-06-19	196.479996
2014-06-20	195.940002
2014-06-23	195.880005
2014-06-24	194.699997
2014-06-25	195.580002
2014-06-26	195.440002
2014-06-27	195.820007
2014-06-30	195.720001
2014-07-01	197.029999
2014-07-02	197.229996
2014-07-03	198.199997
2014-07-07	197.509995
2014-07-08	196.240005
2014-07-09	197.119995
2014-07-10	196.339996
2014-07-11	196.610001
2014-07-14	197.600006
2014-07-15	197.229996
2014-07-16	197.960007
2014-07-17	195.710007
2014-07-18	197.710007
2014-07-21	197.339996
2014-07-22	198.199997
2014-07-23	198.639999
2014-07-24	198.649994
2014-07-25	197.720001
2014-07-28	197.800003
2014-07-29	196.949997
2014-07-30	196.979996
2014-07-31	193.089996
2014-08-01	192.5
2014-08-04	193.889999
2014-08-05	192.009995
2014-08-06	192.070007
2014-08-07	191.029999
2014-08-08	193.240005
2014-08-11	193.800003
2014-08-12	193.529999
2014-08-13	194.839996
2014-08-14	195.759995
2014-08-15	195.720001
2014-08-18	197.360001
2014-08-19	198.389999
2014-08-20	198.919998
2014-08-21	199.5
2014-08-22	199.190002
2014-08-25	200.199997
2014-08-26	200.330002
2014-08-27	200.25
2014-08-28	200.139999
2014-08-29	200.710007
2014-09-02	200.610001
2014-09-03	200.5
2014-09-04	200.210007
2014-09-05	201.110001
2014-09-08	200.589996
2014-09-09	199.320007
2014-09-10	200.070007
2014-09-11	200.300003
2014-09-12	199.130005
2014-09-15	198.979996
2014-09-16	200.479996
2014-09-17	200.75
2014-09-18	201.820007
2014-09-19	200.699997
2014-09-22	199.149994
2014-09-23	198.009995
2014-09-24	199.559998
2014-09-25	196.339996
2014-09-26	197.899994
2014-09-29	197.539993
2014-09-30	197.020004
2014-10-01	194.350006
2014-10-02	194.380005
2014-10-03	196.520004
2014-10-06	196.289993
2014-10-07	193.259995
2014-10-08	196.639999
2014-10-09	192.740005
2014-10-10	190.539993
2014-10-13	187.410004
2014-10-14	187.699997
2014-10-15	186.429993
2014-10-16	186.270004
2014-10-17	188.470001
2014-10-20	190.300003
2014-10-21	194.070007
2014-10-22	192.690002
2014-10-23	194.929993
2014-10-24	196.429993
2014-10-27	196.160004
2014-10-28	198.410004
2014-10-29	198.110001
2014-10-30	199.380005
2014-10-31	201.660004
2014-11-03	201.770004
2014-11-04	201.070007
2014-11-05	202.339996
2014-11-06	203.149994
2014-11-07	203.339996
2014-11-10	203.979996
2014-11-11	204.179993
2014-11-12	203.960007
2014-11-13	204.190002
2014-11-14	204.240005
2014-11-17	204.369995
2014-11-18	205.550003
2014-11-19	205.220001
2014-11-20	205.580002
2014-11-21	206.679993
2014-11-24	207.259995
2014-11-25	207.110001
2014-11-26	207.639999
2014-11-28	207.199997
2014-12-01	205.759995
2014-12-02	207.089996
2014-12-03	207.889999
2014-12-04	207.660004
2014-12-05	208
2014-12-08	206.610001
2014-12-09	206.470001
2014-12-10	203.160004
2014-12-11	204.190002
2014-12-12	200.889999
2014-12-15	199.509995
2014-12-16	197.910004
2014-12-17	201.789993
2014-12-18	206.779999
2014-12-19	206.520004
2014-12-22	207.470001
2014-12-23	207.75
2014-12-24	207.770004
2014-12-26	208.440002
2014-12-29	208.720001
2014-12-30	207.600006
2014-12-31	205.539993
2015-01-02	205.429993
2015-01-05	201.720001
2015-01-06	199.820007
2015-01-07	202.309998
2015-01-08	205.899994
2015-01-09	204.25
2015-01-12	202.649994
2015-01-13	202.080002
2015-01-14	200.860001
2015-01-15	199.020004
2015-01-16	201.630005
2015-01-20	202.059998
2015-01-21	203.080002
2015-01-22	206.100006
2015-01-23	204.970001
2015-01-26	205.449997
2015-01-27	202.740005
2015-01-28	200.139999
2015-01-29	201.990005
2015-01-30	199.449997
2015-02-02	201.919998
2015-02-03	204.839996
2015-02-04	204.059998
2015-02-05	206.119995
2015-02-06	205.550003
2015-02-09	204.630005
2015-02-10	206.809998
2015-02-11	206.929993
2015-02-12	208.919998
2015-02-13	209.779999
2015-02-17	210.110001
2015-02-18	210.130005
2015-02-19	209.979996
2015-02-20	211.240005
2015-02-23	211.210007
2015-02-24	211.809998
2015-02-25	211.630005
2015-02-26	211.380005
2015-02-27	210.660004
2015-03-02	211.990005
2015-03-03	211.119995
2015-03-04	210.229996
2015-03-05	210.460007
2015-03-06	207.5
2015-03-09	208.360001
2015-03-10	204.979996
2015-03-11	204.5
2015-03-12	207.100006
2015-03-13	205.830002
2015-03-16	208.580002
2015-03-17	207.960007
2015-03-18	210.460007
2015-03-19	209.5
2015-03-20	210.410004
2015-03-23	210
2015-03-24	208.820007
2015-03-25	205.759995
2015-03-26	205.270004
2015-03-27	205.740005
2015-03-30	208.25
2015-03-31	206.429993
2015-04-01	205.699997
2015-04-02	206.440002
2015-04-06	207.830002
2015-04-07	207.279999
2015-04-08	207.979996
2015-04-09	208.899994
2015-04-10	210.039993
2015-04-13	209.089996
2015-04-14	209.490005
2015-04-15	210.429993
2015-04-16	210.369995
2015-04-17	207.949997
2015-04-20	209.850006
2015-04-21	209.600006
2015-04-22	210.630005
2015-04-23	211.160004
2015-04-24	211.649994
2015-04-27	210.770004
2015-04-28	211.440002
2015-04-29	210.570007
2015-04-30	208.460007
2015-05-01	210.720001
2015-05-04	211.320007
2015-05-05	208.899994
2015-05-06	208.039993
2015-05-07	208.869995
2015-05-08	211.619995
2015-05-11	210.610001
2015-05-12	209.979996
2015-05-13	210.020004
2015-05-14	212.210007
2015-05-15	212.440002
2015-05-18	213.100006
2015-05-19	213.029999
2015-05-20	212.880005
2015-05-21	213.5
2015-05-22	212.990005
2015-05-26	210.699997
2015-05-27	212.699997
2015-05-28	212.460007
2015-05-29	211.139999
2015-06-01	211.570007
2015-06-02	211.360001
2015-06-03	211.919998
2015-06-04	210.130005
2015-06-05	209.770004
2015-06-08	208.479996
2015-06-09	208.449997
2015-06-10	210.949997
2015-06-11	211.630005
2015-06-12	210.009995
2015-06-15	209.110001
2015-06-16	210.25
2015-06-17	210.589996
2015-06-18	212.779999
2015-06-19	210.809998
2015-06-22	211.889999
2015-06-23	212.039993
2015-06-24	210.5
2015-06-25	209.860001
2015-06-26	209.820007
2015-06-29	205.419998
2015-06-30	205.850006
2015-07-01	207.5
2015-07-02	207.309998
2015-07-06	206.720001
2015-07-07	208.020004
2015-07-08	204.529999
2015-07-09	204.899994
2015-07-10	207.479996
2015-07-13	209.770004
2015-07-14	210.679993
2015-07-15	210.610001
2015-07-16	212.300003
2015-07-17	212.479996
2015-07-20	212.589996
2015-07-21	211.75
2015-07-22	211.369995
2015-07-23	210.179993
2015-07-24	208
2015-07-27	206.789993
2015-07-28	209.330002
2015-07-29	210.770004
2015-07-30	210.820007
2015-07-31	210.5
2015-08-03	209.789993
2015-08-04	209.380005
2015-08-05	210.070007
2015-08-06	208.350006
2015-08-07	207.949997
2015-08-10	210.570007
2015-08-11	208.669998
2015-08-12	208.919998
2015-08-13	208.660004
2015-08-14	209.419998
2015-08-17	210.589996
2015-08-18	209.979996
2015-08-19	208.320007
2015-08-20	203.970001
2015-08-21	197.830002
2015-08-24	189.5
2015-08-25	187.270004
2015-08-26	194.460007
2015-08-27	199.270004
2015-08-28	199.279999
2015-08-31	197.669998
2015-09-01	191.770004
2015-09-02	195.410004
2015-09-03	195.550003
2015-09-04	192.589996
2015-09-08	197.429993
2015-09-09	194.789993
2015-09-10	195.850006
2015-09-11	196.740005
2015-09-14	196.009995
2015-09-15	198.460007
2015-09-16	200.179993
2015-09-17	199.729996
2015-09-18	195.449997
2015-09-21	196.460007
2015-09-22	193.910004
2015-09-23	193.600006
2015-09-24	192.899994
2015-09-25	192.850006
2015-09-28	188.009995
2015-09-29	188.119995
2015-09-30	191.630005
2015-10-01	192.130005
2015-10-02	195
2015-10-05	198.470001
2015-10-06	197.789993
2015-10-07	199.410004
2015-10-08	201.210007
2015-10-09	201.330002
2015-10-12	201.520004
2015-10-13	200.25
2015-10-14	199.289993
2015-10-15	202.350006
2015-10-16	203.270004
2015-10-19	203.369995
2015-10-20	203.110001
2015-10-21	201.850006
2015-10-22	205.259995
2015-10-23	207.509995
2015-10-26	207
2015-10-27	206.600006
2015-10-28	208.949997
2015-10-29	208.830002
2015-10-30	207.929993
2015-11-02	210.389999
2015-11-03	211
2015-11-04	210.360001
2015-11-05	210.149994
2015-11-06	210.039993
2015-11-09	208.080002
2015-11-10	208.559998
2015-11-11	207.740005
2015-11-12	204.839996
2015-11-13	202.539993
2015-11-16	205.619995
2015-11-17	205.470001
2015-11-18	208.729996
2015-11-19	208.550003
2015-11-20	209.309998
2015-11-23	209.070007
2015-11-24	209.350006
2015-11-25	209.320007
2015-11-27	209.559998
2015-11-30	208.690002
2015-12-01	210.679993
2015-12-02	208.529999
2015-12-03	205.610001
2015-12-04	209.619995
2015-12-07	208.350006
2015-12-08	206.949997
2015-12-09	205.339996
2015-12-10	205.869995
2015-12-11	201.880005
2015-12-14	202.899994
2015-12-15	205.029999
2015-12-16	208.029999
2015-12-17	204.860001
2015-12-18	200.020004
2015-12-21	201.669998
2015-12-22	203.5
2015-12-23	206.020004
2015-12-24	205.679993
2015-12-28	205.210007
2015-12-29	207.399994
2015-12-30	205.929993
2015-12-31	203.869995
2016-01-04	201.020004
2016-01-05	201.360001
2016-01-06	198.820007
2016-01-07	194.050003
2016-01-08	191.919998
2016-01-11	192.110001
2016-01-12	193.660004
2016-01-13	188.830002
2016-01-14	191.929993
2016-01-15	187.809998
2016-01-19	188.059998
2016-01-20	185.649994
2016-01-21	186.690002
2016-01-22	190.520004
2016-01-25	187.639999
2016-01-26	190.199997
2016-01-27	188.130005
2016-01-28	189.110001
2016-01-29	193.720001
2016-02-01	193.649994
2016-02-02	190.160004
2016-02-03	191.300003
2016-02-04	191.600006
2016-02-05	187.949997
2016-02-08	185.419998
2016-02-09	185.429993
2016-02-10	185.270004
2016-02-11	182.860001
2016-02-12	186.630005
2016-02-16	189.779999
2016-02-17	192.880005
2016-02-18	192.089996
2016-02-19	192
2016-02-22	194.779999
2016-02-23	192.320007
2016-02-24	193.199997
2016-02-25	195.539993
2016-02-26	195.089996
2016-02-29	193.559998
2016-03-01	198.110001
2016-03-02	199
2016-03-03	199.779999
2016-03-04	200.429993
2016-03-07	200.589996
2016-03-08	198.399994
2016-03-09	199.380005
2016-03-10	199.539993
2016-03-11	202.759995
2016-03-14	202.5
2016-03-15	202.169998
2016-03-16	203.339996
2016-03-17	204.630005
2016-03-18	204.380005
2016-03-21	204.669998
2016-03-22	204.559998
2016-03-23	203.210007
2016-03-24	203.119995
2016-03-28	203.240005
2016-03-29	205.119995
2016-03-30	206.020004
2016-03-31	205.520004
2016-04-01	206.919998
2016-04-04	206.25
2016-04-05	204.190002
2016-04-06	206.419998
2016-04-07	203.949997
2016-04-08	204.5
2016-04-11	204.020004
2016-04-12	205.919998
2016-04-13	208
2016-04-14	208.009995
2016-04-15	207.779999
2016-04-18	209.240005
2016-04-19	209.899994
2016-04-20	210.100006
2016-04-21	208.970001
2016-04-22	208.970001
2016-04-25	208.610001
2016-04-26	208.919998
2016-04-27	209.350006
2016-04-28	207.449997
2016-04-29	206.330002
2016-05-02	207.970001
2016-05-03	206.160004
2016-05-04	205.009995
2016-05-05	204.970001
2016-05-06	205.720001
2016-05-09	205.889999
2016-05-10	208.449997
2016-05-11	206.5
2016-05-12	206.559998
2016-05-13	204.759995
2016-05-16	206.779999
2016-05-17	204.850006
2016-05-18	204.910004
2016-05-19	204.199997
2016-05-20	205.490005
2016-05-23	205.210007
2016-05-24	207.869995
2016-05-25	209.279999
2016-05-26	209.339996
2016-05-27	210.240005
2016-05-31	209.839996
2016-06-01	210.270004
2016-06-02	210.910004
2016-06-03	210.279999
2016-06-06	211.350006
2016-06-07	211.679993
2016-06-08	212.369995
2016-06-09	212.080002
2016-06-10	210.070007
2016-06-13	208.449997
2016-06-14	208.039993
2016-06-15	207.75
2016-06-16	208.369995
2016-06-17	206.520004
2016-06-20	207.850006
2016-06-21	208.440002
2016-06-22	208.100006
2016-06-23	210.809998
2016-06-24	203.240005
2016-06-27	199.600006
2016-06-28	203.199997
2016-06-29	206.660004
2016-06-30	209.479996
2016-07-01	209.919998
2016-07-05	208.410004
2016-07-06	209.660004
2016-07-07	209.529999
2016-07-08	212.649994
2016-07-11	213.399994
2016-07-12	214.949997
2016-07-13	214.919998
2016-07-14	216.119995
2016-07-15	215.830002
2016-07-18	216.410004
2016-07-19	216.190002
2016-07-20	217.089996
2016-07-21	216.270004
2016-07-22	217.240005
2016-07-25	216.649994
2016-07-26	216.75
2016-07-27	216.520004
2016-07-28	216.770004
2016-07-29	217.119995
2016-08-01	216.940002
2016-08-02	215.550003
2016-08-03	216.179993
2016-08-04	216.410004
2016-08-05	218.179993
2016-08-08	218.050003
2016-08-09	218.179993
2016-08-10	217.639999
2016-08-11	218.649994
2016-08-12	218.460007
2016-08-15	219.089996
2016-08-16	217.960007
2016-08-17	218.369995
2016-08-18	218.860001
2016-08-19	218.539993
2016-08-22	218.529999
2016-08-23	218.970001
2016-08-24	217.850006
2016-08-25	217.699997
2016-08-26	217.289993
2016-08-29	218.360001
2016-08-30	218
2016-08-31	217.380005
2016-09-01	217.389999
2016-09-02	218.369995
2016-09-06	219.029999
2016-09-07	219.009995
2016-09-08	218.509995
2016-09-09	213.279999
2016-09-12	216.339996
2016-09-13	213.229996
2016-09-14	213.149994
2016-09-15	215.279999
2016-09-16	213.369995
2016-09-19	213.410004
2016-09-20	213.419998
2016-09-21	215.820007
2016-09-22	217.179993
2016-09-23	215.990005
2016-09-26	214.240005
2016-09-27	215.570007
2016-09-28	216.639999
2016-09-29	214.679993
2016-09-30	216.300003
2016-10-03	215.779999
2016-10-04	214.679993
2016-10-05	215.630005
2016-10-06	215.779999
2016-10-07	215.039993
2016-10-10	216.160004
2016-10-11	213.429993
2016-10-12	213.710007
2016-10-13	213.009995
2016-10-14	213.119995
2016-10-17	212.380005
2016-10-18	213.710007
2016-10-19	214.279999
2016-10-20	213.880005
2016-10-21	213.979996
2016-10-24	214.889999
2016-10-25	214.169998
2016-10-26	213.740005
2016-10-27	213.169998
2016-10-28	212.539993
2016-10-31	212.550003
2016-11-01	211.009995
2016-11-02	209.740005
2016-11-03	208.779999
2016-11-04	208.550003
2016-11-07	213.149994
2016-11-08	214.110001
2016-11-09	216.380005
2016-11-10	216.919998
2016-11-11	216.419998
2016-11-14	216.589996
2016-11-15	218.279999
2016-11-16	217.869995
2016-11-17	218.990005
2016-11-18	218.5
2016-11-21	220.149994
2016-11-22	220.580002
2016-11-23	220.699997
2016-11-25	221.520004
2016-11-28	220.479996
2016-11-29	220.910004
2016-11-30	220.380005
2016-12-01	219.570007
2016-12-02	219.679993
2016-12-05	221
2016-12-06	221.699997
2016-12-07	224.600006
2016-12-08	225.149994
2016-12-09	226.509995
2016-12-12	226.25
2016-12-13	227.759995
2016-12-14	225.880005
2016-12-15	226.809998
2016-12-16	225.039993
2016-12-19	225.529999
2016-12-20	226.399994
2016-12-21	225.770004
2016-12-22	225.380005
2016-12-23	225.710007
2016-12-27	226.270004
2016-12-28	224.399994
2016-12-29	224.350006
2016-12-30	223.529999
2017-01-03	225.240005
2017-01-04	226.580002
2017-01-05	226.399994
2017-01-06	227.210007
2017-01-09	226.460007
2017-01-10	226.460007
2017-01-11	227.100006
2017-01-12	226.529999
2017-01-13	227.050003
2017-01-17	226.25
2017-01-18	226.75
2017-01-19	225.910004
2017-01-20	226.740005
2017-01-23	226.149994
2017-01-24	227.600006
2017-01-25	229.570007
2017-01-26	229.330002
2017-01-27	228.970001
2017-01-30	227.550003
2017-01-31	227.529999
2017-02-01	227.619995
2017-02-02	227.770004
2017-02-03	229.339996
2017-02-06	228.929993
2017-02-07	228.940002
2017-02-08	229.240005
2017-02-09	230.600006
2017-02-10	231.509995
2017-02-13	232.770004
2017-02-14	233.699997
2017-02-15	234.919998
2017-02-16	234.720001
2017-02-17	235.089996
2017-02-21	236.490005
2017-02-22	236.279999
2017-02-23	236.440002
2017-02-24	236.740005
2017-02-27	237.110001
2017-02-28	236.470001
2017-03-01	239.779999
2017-03-02	238.270004
2017-03-03	238.419998
2017-03-06	237.710007
2017-03-07	237
2017-03-08	236.559998
2017-03-09	236.860001
2017-03-10	237.690002
2017-03-13	237.809998
2017-03-14	236.899994
2017-03-15	238.949997
2017-03-16	238.479996
2017-03-17	237.029999
2017-03-20	236.770004
2017-03-21	233.729996
2017-03-22	234.279999
2017-03-23	234.029999
2017-03-24	233.860001
2017-03-27	233.619995
2017-03-28	235.320007
2017-03-29	235.539993
2017-03-30	236.289993
2017-03-31	235.740005
2017-04-03	235.330002
2017-04-04	235.479996
2017-04-05	234.779999
2017-04-06	235.440002
2017-04-07	235.199997
2017-04-10	235.339996
2017-04-11	235.059998
2017-04-12	234.029999
2017-04-13	232.509995
2017-04-17	234.570007
2017-04-18	233.869995
2017-04-19	233.440002
2017-04-20	235.339996
2017-04-21	234.589996
2017-04-24	237.169998
2017-04-25	238.550003
2017-04-26	238.399994
2017-04-27	238.600006
2017-04-28	238.080002
2017-05-01	238.679993
2017-05-02	238.770004
2017-05-03	238.479996
2017-05-04	238.759995
2017-05-05	239.699997
2017-05-08	239.660004
2017-05-09	239.440002
2017-05-10	239.869995
2017-05-11	239.380005
2017-05-12	238.979996
2017-05-15	240.300003
2017-05-16	240.080002
2017-05-17	235.820007
2017-05-18	236.770004
2017-05-19	238.309998
2017-05-22	239.520004
2017-05-23	240.050003
2017-05-24	240.610001
2017-05-25	241.759995
2017-05-26	241.710007
2017-05-30	241.5
2017-05-31	241.440002
2017-06-01	243.360001
2017-06-02	244.169998
2017-06-05	243.990005
2017-06-06	243.210007
2017-06-07	243.660004
2017-06-08	243.779999
2017-06-09	243.410004
2017-06-12	243.360001
2017-06-13	244.550003
2017-06-14	244.240005
2017-06-15	243.770004
2017-06-16	242.639999
2017-06-19	244.660004
2017-06-20	243.009995
2017-06-21	242.949997
2017-06-22	242.839996
2017-06-23	243.130005
2017-06-26	243.289993
2017-06-27	241.330002
2017-06-28	243.490005
2017-06-29	241.350006
2017-06-30	241.800003
2017-07-03	242.210007
2017-07-05	242.770004
2017-07-06	240.550003
2017-07-07	242.110001
2017-07-10	242.369995
2017-07-11	242.190002
2017-07-12	244.009995
2017-07-13	244.419998
2017-07-14	245.559998
2017-07-17	245.529999
2017-07-18	245.660004
2017-07-19	246.990005
2017-07-20	247.100006
2017-07-21	246.880005
2017-07-24	246.820007
2017-07-25	247.419998
2017-07-26	247.429993
2017-07-27	247.199997
2017-07-28	246.910004
2017-07-31	246.770004
2017-08-01	247.320007
2017-08-02	247.440002
2017-08-03	246.960007
2017-08-04	247.410004
2017-08-07	247.869995
2017-08-08	247.259995
2017-08-09	247.25
2017-08-10	243.759995
2017-08-11	244.119995
2017-08-14	246.539993
2017-08-15	246.509995
2017-08-16	246.940002